operation_id,account_id,client_id,operation_date,operation_type,amount
1,10001,1,2026-03-14,DEPOSIT,259219.24
2,10001,1,2026-02-25,WITHDRAWAL,511194.37
3,10001,1,2026-03-09,DEPOSIT,1022398.03
4,10002,2,2026-06-12,DEPOSIT,26017.51
5,10002,2,2026-05-25,WITHDRAWAL,86050.68
6,10003,3,2025-12-22,DEPOSIT,1106508.6
7,10003,3,2026-03-09,DEPOSIT,118791.66
8,10003,3,2025-11-22,DEPOSIT,302895.49
9,10004,4,2026-03-02,WITHDRAWAL,687459.09
10,10004,4,2026-05-28,WITHDRAWAL,3168179.79
11,10005,5,2026-05-04,WITHDRAWAL,636017.62
12,10006,6,2025-11-09,DEPOSIT,572230.68
13,10006,6,2026-03-22,DEPOSIT,384555.62
14,10006,6,2025-10-26,DEPOSIT,1243904.27
15,10006,6,2026-03-22,DEPOSIT,972183.28
16,10007,7,2025-12-24,DEPOSIT,95980.71
17,10008,8,2026-03-08,DEPOSIT,108810.26
18,10008,8,2026-02-10,DEPOSIT,181108.85
19,10009,9,2025-11-16,DEPOSIT,96634.88
20,10010,10,2026-06-12,DEPOSIT,104761.23
21,10010,10,2026-06-11,WITHDRAWAL,121851.43
22,10010,10,2026-05-29,DEPOSIT,132904.96
23,10011,11,2025-10-14,DEPOSIT,39786.48
24,10011,11,2025-12-05,DEPOSIT,26100.72
25,10011,11,2025-10-16,DEPOSIT,33197.9
26,10011,11,2025-11-13,DEPOSIT,23060.49
27,10011,11,2025-03-21,DEPOSIT,28605.95
28,10011,11,2026-06-04,DEPOSIT,85986.56
29,10012,12,2025-07-21,DEPOSIT,151502.48
30,10012,12,2025-04-15,DEPOSIT,146905.43
31,10012,12,2025-09-02,DEPOSIT,81551.57
32,10012,12,2025-03-16,DEPOSIT,68791.5
33,10012,12,2026-03-29,DEPOSIT,199507.67
34,10013,13,2026-03-27,DEPOSIT,42083.98
35,10013,13,2026-04-15,DEPOSIT,12566.77
36,10013,13,2026-05-15,WITHDRAWAL,128007.14
37,10014,14,2026-03-19,DEPOSIT,93435.78
38,10015,15,2025-11-29,DEPOSIT,80309.65
39,10015,15,2025-06-26,DEPOSIT,86984.47
40,10016,16,2025-12-08,WITHDRAWAL,31049.61
41,10016,16,2026-05-31,DEPOSIT,140536.55
42,10016,16,2026-04-08,DEPOSIT,60465.17
43,10016,16,2026-05-19,DEPOSIT,21223.87
44,10016,16,2026-02-12,DEPOSIT,91016.68
45,10016,16,2025-12-28,WITHDRAWAL,79428.18
46,10017,17,2025-07-27,DEPOSIT,32876.1
47,10017,17,2025-04-16,WITHDRAWAL,87296.43
48,10017,17,2025-05-30,DEPOSIT,114057.16
49,10018,18,2026-02-01,DEPOSIT,43053.24
50,10018,18,2025-09-21,DEPOSIT,170680.55
51,10018,18,2026-04-09,DEPOSIT,66526.52
52,10018,18,2025-06-09,DEPOSIT,71937.62
53,10018,18,2025-09-19,DEPOSIT,41504.45
54,10019,19,2025-03-21,DEPOSIT,1096962.41
55,10020,20,2026-01-24,WITHDRAWAL,97707.01
56,10020,20,2026-06-13,DEPOSIT,49409.2
57,10021,21,2025-10-19,WITHDRAWAL,47818.0
58,10021,21,2026-05-30,DEPOSIT,263935.37
59,10022,22,2026-04-21,WITHDRAWAL,42478.31
60,10022,22,2026-02-03,DEPOSIT,98329.12
61,10022,22,2025-12-22,DEPOSIT,66560.11
62,10023,23,2026-06-14,DEPOSIT,186551.17
63,10024,24,2025-11-16,DEPOSIT,49897.2
64,10024,24,2026-01-27,DEPOSIT,403536.78
65,10024,24,2025-08-12,DEPOSIT,68180.18
66,10025,25,2025-11-25,DEPOSIT,1002020.5
67,10025,25,2025-05-12,WITHDRAWAL,281168.28
68,10025,25,2025-07-30,DEPOSIT,390907.12
69,10025,25,2026-02-20,DEPOSIT,1877768.97
70,10025,25,2025-06-21,DEPOSIT,1192861.65
71,10026,26,2026-05-06,DEPOSIT,29350.1
72,10026,26,2025-11-17,DEPOSIT,91028.94
73,10026,26,2026-03-29,WITHDRAWAL,65257.38
74,10026,26,2025-11-10,WITHDRAWAL,41702.3
75,10027,27,2026-06-17,DEPOSIT,155655.48
76,10027,27,2026-04-27,WITHDRAWAL,102214.46
77,10027,27,2026-02-02,WITHDRAWAL,166879.48
78,10027,27,2025-10-23,DEPOSIT,140280.72
79,10028,28,2026-03-01,DEPOSIT,147910.05
80,10029,29,2026-01-10,DEPOSIT,21301.3
81,10029,29,2025-11-28,WITHDRAWAL,77563.81
82,10029,29,2026-06-07,DEPOSIT,100508.7
83,10029,29,2026-05-04,DEPOSIT,35652.06
84,10029,29,2026-04-19,DEPOSIT,30896.25
85,10030,30,2025-12-03,WITHDRAWAL,73411.9
86,10030,30,2026-03-17,DEPOSIT,122229.61
87,10030,30,2025-12-23,DEPOSIT,57711.0
88,10031,31,2026-01-21,DEPOSIT,80269.1
89,10031,31,2026-02-13,DEPOSIT,16306.85
90,10032,32,2026-04-13,DEPOSIT,72125.5
91,10032,32,2025-08-19,DEPOSIT,77821.93
92,10032,32,2025-09-14,WITHDRAWAL,65941.41
93,10033,33,2026-03-19,DEPOSIT,150488.96
94,10034,34,2025-09-07,WITHDRAWAL,118044.2
95,10034,34,2026-06-20,DEPOSIT,55217.82
96,10034,34,2026-04-17,DEPOSIT,258800.45
97,10034,34,2025-07-11,WITHDRAWAL,605982.47
98,10035,35,2026-02-23,DEPOSIT,63074.42
99,10035,35,2026-02-23,DEPOSIT,222640.87
100,10036,36,2026-01-23,DEPOSIT,127928.16
101,10036,36,2026-04-04,WITHDRAWAL,494976.67
102,10037,37,2026-04-08,WITHDRAWAL,155068.76
103,10037,37,2026-04-30,DEPOSIT,59570.1
104,10037,37,2026-05-21,DEPOSIT,67710.32
105,10037,37,2026-04-05,WITHDRAWAL,240366.29
106,10037,37,2026-06-20,DEPOSIT,166696.16
107,10038,38,2026-06-18,WITHDRAWAL,113183.59
108,10038,38,2026-06-11,DEPOSIT,36899.61
109,10038,38,2026-06-20,DEPOSIT,83989.25
110,10039,39,2026-05-25,WITHDRAWAL,32435.97
111,10039,39,2026-06-13,DEPOSIT,229800.29
112,10040,40,2026-01-19,DEPOSIT,179101.71
113,10040,40,2025-07-01,WITHDRAWAL,238431.55
114,10040,40,2025-05-30,DEPOSIT,566770.13
115,10041,41,2026-03-29,WITHDRAWAL,33385.52
116,10041,41,2025-12-30,WITHDRAWAL,72714.99
117,10041,41,2025-12-15,DEPOSIT,83263.62
118,10041,41,2025-11-29,WITHDRAWAL,27693.79
119,10041,41,2026-06-14,WITHDRAWAL,16681.36
120,10041,41,2026-05-09,DEPOSIT,23457.22
121,10042,42,2026-01-26,WITHDRAWAL,220705.86
122,10042,42,2026-03-31,DEPOSIT,26417.26
123,10042,42,2026-05-11,DEPOSIT,74800.22
124,10043,43,2026-04-15,DEPOSIT,138288.55
125,10043,43,2026-02-25,WITHDRAWAL,283075.9
126,10043,43,2026-05-08,DEPOSIT,283178.72
127,10044,44,2026-04-17,WITHDRAWAL,124434.31
128,10044,44,2026-02-05,WITHDRAWAL,261884.1
129,10045,45,2026-06-14,WITHDRAWAL,45214.49
130,10046,46,2025-11-19,WITHDRAWAL,81126.89
131,10047,47,2026-02-08,WITHDRAWAL,2177057.87
132,10047,47,2025-11-09,DEPOSIT,1166259.65
133,10047,47,2025-11-01,DEPOSIT,936422.55
134,10048,48,2026-01-14,DEPOSIT,86482.81
135,10048,48,2025-10-18,DEPOSIT,35902.7
136,10048,48,2025-07-01,DEPOSIT,44633.04
137,10048,48,2025-02-22,WITHDRAWAL,47326.86
138,10049,49,2026-01-24,DEPOSIT,167528.91
139,10049,49,2025-08-31,WITHDRAWAL,71081.05
140,10049,49,2026-01-21,DEPOSIT,100367.71
141,10049,49,2025-09-10,DEPOSIT,124248.79
142,10049,49,2026-01-24,WITHDRAWAL,51928.81
143,10049,49,2025-08-12,DEPOSIT,30615.75
144,10050,50,2026-01-05,WITHDRAWAL,334350.3
145,10050,50,2026-04-08,DEPOSIT,50237.33
146,10051,51,2026-01-13,DEPOSIT,413989.58
147,10052,52,2025-09-22,DEPOSIT,537014.14
148,10052,52,2026-01-28,DEPOSIT,327725.66
149,10052,52,2025-01-25,DEPOSIT,537019.53
150,10052,52,2025-07-14,WITHDRAWAL,754363.5
151,10052,52,2025-04-15,WITHDRAWAL,1339318.35
152,10053,53,2026-03-25,DEPOSIT,107218.78
153,10054,54,2025-10-15,DEPOSIT,299810.02
154,10054,54,2026-05-12,DEPOSIT,1767578.87
155,10054,54,2026-01-13,WITHDRAWAL,4778728.16
156,10054,54,2025-12-12,DEPOSIT,1907105.79
157,10054,54,2025-08-30,DEPOSIT,780159.14
158,10055,55,2026-03-29,DEPOSIT,202747.24
159,10056,56,2026-04-02,DEPOSIT,1196582.05
160,10056,56,2026-03-12,DEPOSIT,798403.62
161,10056,56,2026-03-15,DEPOSIT,1090821.31
162,10056,56,2026-05-18,DEPOSIT,1919317.27
163,10056,56,2025-11-29,DEPOSIT,875122.34
164,10057,57,2025-02-18,DEPOSIT,90667.69
165,10057,57,2026-06-01,DEPOSIT,80298.59
166,10057,57,2025-03-31,DEPOSIT,81523.55
167,10058,58,2025-06-06,WITHDRAWAL,153682.73
168,10059,59,2026-06-17,DEPOSIT,40893.9
169,10059,59,2026-04-15,DEPOSIT,43283.76
170,10059,59,2026-03-20,DEPOSIT,74309.23
171,10059,59,2026-05-30,DEPOSIT,42556.71
172,10059,59,2026-06-13,DEPOSIT,37049.88
173,10060,60,2025-03-30,DEPOSIT,275779.56
174,10060,60,2025-09-08,DEPOSIT,87938.27
175,10060,60,2025-08-05,DEPOSIT,109393.92
176,10060,60,2025-05-04,DEPOSIT,37607.88
177,10060,60,2026-05-18,DEPOSIT,96705.76
178,10061,61,2026-05-11,DEPOSIT,25220.2
179,10061,61,2026-04-25,WITHDRAWAL,16229.43
180,10061,61,2026-05-12,DEPOSIT,238090.52
181,10062,62,2026-05-19,DEPOSIT,239895.1
182,10062,62,2026-05-31,WITHDRAWAL,171327.66
183,10062,62,2026-05-27,WITHDRAWAL,324356.72
184,10063,63,2026-06-12,DEPOSIT,72629.35
185,10063,63,2026-04-17,DEPOSIT,1591532.36
186,10063,63,2025-12-29,DEPOSIT,42409.9
187,10063,63,2026-01-22,WITHDRAWAL,550111.92
188,10063,63,2026-03-13,WITHDRAWAL,365863.6
189,10064,64,2026-06-18,DEPOSIT,29680.26
190,10064,64,2026-06-06,DEPOSIT,146445.6
191,10064,64,2026-06-15,DEPOSIT,15690.48
192,10064,64,2026-06-07,DEPOSIT,119938.95
193,10064,64,2026-06-19,DEPOSIT,748354.99
194,10065,65,2026-01-18,DEPOSIT,371749.84
195,10065,65,2025-06-03,DEPOSIT,298925.47
196,10065,65,2025-07-21,WITHDRAWAL,201132.98
197,10065,65,2025-06-15,DEPOSIT,266251.49
198,10066,66,2026-03-14,DEPOSIT,131164.47
199,10066,66,2025-05-20,DEPOSIT,80099.73
200,10066,66,2025-09-12,DEPOSIT,74351.25
201,10066,66,2025-12-19,DEPOSIT,136901.63
202,10067,67,2026-06-13,WITHDRAWAL,41917.53
203,10067,67,2026-04-20,DEPOSIT,163112.84
204,10067,67,2025-11-12,DEPOSIT,548131.37
205,10067,67,2026-06-10,DEPOSIT,44346.93
206,10067,67,2026-03-18,DEPOSIT,22747.4
207,10068,68,2026-03-11,WITHDRAWAL,35205.78
208,10068,68,2026-03-13,DEPOSIT,223915.16
209,10068,68,2025-10-15,WITHDRAWAL,74515.33
210,10069,69,2026-06-01,WITHDRAWAL,51150.5
211,10069,69,2026-06-13,DEPOSIT,66376.18
212,10069,69,2026-05-23,DEPOSIT,63104.73
213,10070,70,2025-08-17,DEPOSIT,39087.43
214,10070,70,2025-10-29,DEPOSIT,64508.44
215,10070,70,2025-06-09,WITHDRAWAL,186495.06
216,10071,71,2026-06-05,DEPOSIT,25306.11
217,10071,71,2026-06-15,DEPOSIT,81574.55
218,10071,71,2026-06-10,DEPOSIT,108436.7
219,10072,72,2026-04-27,DEPOSIT,167162.26
220,10072,72,2026-02-15,DEPOSIT,180467.78
221,10073,73,2026-01-27,DEPOSIT,42820.27
222,10073,73,2025-10-04,DEPOSIT,38617.06
223,10074,74,2026-06-07,WITHDRAWAL,43247.16
224,10075,75,2026-05-09,DEPOSIT,45733.99
225,10075,75,2026-05-04,DEPOSIT,32620.9
226,10075,75,2026-06-13,DEPOSIT,66819.84
227,10075,75,2026-05-28,DEPOSIT,42247.09
228,10076,76,2025-08-10,DEPOSIT,435507.1
229,10076,76,2026-04-23,WITHDRAWAL,220602.34
230,10076,76,2026-02-04,DEPOSIT,200824.27
231,10076,76,2025-07-01,DEPOSIT,307177.3
232,10077,77,2026-06-17,DEPOSIT,53622.78
233,10077,77,2026-06-17,DEPOSIT,277746.31
234,10077,77,2026-06-18,DEPOSIT,14348.36
235,10077,77,2026-06-21,DEPOSIT,31127.95
236,10078,78,2025-07-03,DEPOSIT,834830.68
237,10078,78,2025-12-04,DEPOSIT,121946.34
238,10078,78,2025-12-19,DEPOSIT,373551.93
239,10078,78,2026-01-24,WITHDRAWAL,104711.57
240,10079,79,2026-04-28,WITHDRAWAL,693206.99
241,10079,79,2026-06-02,DEPOSIT,338651.98
242,10079,79,2026-03-05,DEPOSIT,420551.18
243,10079,79,2026-01-12,DEPOSIT,324623.27
244,10079,79,2026-05-08,DEPOSIT,356960.21
245,10079,79,2026-02-28,WITHDRAWAL,688200.96
246,10080,80,2026-01-28,DEPOSIT,70744.61
247,10080,80,2026-05-07,DEPOSIT,28559.67
248,10080,80,2026-01-21,WITHDRAWAL,224740.04
249,10080,80,2026-01-08,DEPOSIT,38948.66
250,10080,80,2025-12-31,WITHDRAWAL,99611.57
251,10080,80,2026-03-29,DEPOSIT,18494.84
252,10081,81,2026-04-15,DEPOSIT,154796.05
253,10081,81,2026-06-12,DEPOSIT,345374.48
254,10082,82,2026-02-26,DEPOSIT,492520.56
255,10082,82,2026-04-25,DEPOSIT,874030.73
256,10082,82,2025-06-21,DEPOSIT,578793.97
257,10082,82,2026-04-05,DEPOSIT,321824.11
258,10083,83,2026-03-21,DEPOSIT,131946.64
259,10083,83,2026-04-26,WITHDRAWAL,117619.59
260,10083,83,2026-02-20,DEPOSIT,116215.14
261,10083,83,2026-05-29,WITHDRAWAL,163500.15
262,10084,84,2026-06-13,DEPOSIT,33420.62
263,10084,84,2026-06-06,WITHDRAWAL,36528.9
264,10084,84,2026-05-31,DEPOSIT,80853.47
265,10084,84,2026-05-27,WITHDRAWAL,49817.48
266,10084,84,2026-06-10,WITHDRAWAL,141456.16
267,10084,84,2026-06-20,WITHDRAWAL,37449.27
268,10085,85,2026-02-07,DEPOSIT,1201815.19
269,10085,85,2026-05-26,DEPOSIT,483294.28
270,10086,86,2025-11-09,DEPOSIT,1213167.59
271,10086,86,2026-02-16,DEPOSIT,93129.3
272,10086,86,2026-05-14,WITHDRAWAL,99430.84
273,10086,86,2025-07-23,WITHDRAWAL,736347.85
274,10086,86,2026-04-01,DEPOSIT,131660.43
275,10087,87,2026-04-22,WITHDRAWAL,89717.77
276,10087,87,2026-03-17,DEPOSIT,202028.35
277,10087,87,2026-05-15,DEPOSIT,184620.83
278,10087,87,2026-03-20,DEPOSIT,98852.25
279,10087,87,2026-06-16,DEPOSIT,26661.11
280,10087,87,2026-06-11,DEPOSIT,116825.47
281,10088,88,2026-05-05,WITHDRAWAL,99999.48
282,10088,88,2026-06-21,WITHDRAWAL,255353.5
283,10089,89,2026-04-08,DEPOSIT,33587.17
284,10089,89,2026-04-05,DEPOSIT,120078.11
285,10089,89,2026-04-11,WITHDRAWAL,91323.33
286,10089,89,2026-06-04,WITHDRAWAL,10883.04
287,10089,89,2026-05-09,DEPOSIT,18411.28
288,10089,89,2026-05-18,WITHDRAWAL,59163.26
289,10090,90,2025-09-08,WITHDRAWAL,28830.64
290,10090,90,2025-06-29,WITHDRAWAL,64819.79
291,10090,90,2025-05-31,DEPOSIT,232773.63
292,10091,91,2026-04-16,DEPOSIT,98001.11
293,10091,91,2026-03-26,WITHDRAWAL,216289.53
294,10092,92,2026-05-03,DEPOSIT,191506.71
295,10092,92,2026-04-16,WITHDRAWAL,91205.28
296,10092,92,2026-06-02,WITHDRAWAL,32786.8
297,10092,92,2026-04-14,DEPOSIT,246827.45
298,10092,92,2026-01-05,DEPOSIT,48221.18
299,10093,93,2025-05-11,DEPOSIT,173228.03
300,10093,93,2025-04-21,WITHDRAWAL,310285.99
301,10093,93,2025-03-18,DEPOSIT,62646.06
302,10094,94,2025-12-27,DEPOSIT,26748.19
303,10094,94,2025-12-25,DEPOSIT,104301.34
304,10094,94,2026-04-11,DEPOSIT,73247.56
305,10094,94,2026-01-01,DEPOSIT,43837.6
306,10095,95,2026-05-26,WITHDRAWAL,257178.17
307,10095,95,2026-03-06,DEPOSIT,83332.13
308,10095,95,2026-05-19,DEPOSIT,96594.41
309,10096,96,2026-06-08,WITHDRAWAL,14914.56
310,10096,96,2025-10-31,DEPOSIT,102085.94
311,10096,96,2026-04-23,WITHDRAWAL,28119.57
312,10097,97,2025-10-18,DEPOSIT,52384.79
313,10097,97,2026-03-31,DEPOSIT,62938.98
314,10097,97,2025-06-16,DEPOSIT,42076.25
315,10097,97,2026-06-11,DEPOSIT,20303.33
316,10097,97,2026-05-31,DEPOSIT,119515.36
317,10098,98,2025-11-09,DEPOSIT,1152088.14
318,10098,98,2026-04-05,DEPOSIT,1281473.08
319,10098,98,2025-10-24,DEPOSIT,227948.55
320,10098,98,2025-11-16,DEPOSIT,265727.88
321,10098,98,2026-03-03,WITHDRAWAL,719573.74
322,10098,98,2025-07-12,WITHDRAWAL,479260.11
323,10099,99,2026-05-20,DEPOSIT,23359.68
324,10099,99,2026-04-09,WITHDRAWAL,49342.22
325,10100,100,2026-06-21,DEPOSIT,220377.51
326,10100,100,2026-06-04,DEPOSIT,292486.42
327,10100,100,2026-04-07,DEPOSIT,490093.62
328,10100,100,2026-06-01,DEPOSIT,216795.84
329,10100,100,2026-02-12,WITHDRAWAL,185641.48
330,10100,100,2026-03-07,WITHDRAWAL,225856.72
331,10101,101,2026-04-17,DEPOSIT,82846.95
332,10101,101,2025-10-21,DEPOSIT,31078.51
333,10101,101,2026-01-13,WITHDRAWAL,33000.55
334,10102,102,2026-03-03,WITHDRAWAL,932251.55
335,10102,102,2026-02-09,DEPOSIT,651247.93
336,10102,102,2026-05-04,DEPOSIT,655277.87
337,10102,102,2026-02-05,DEPOSIT,617567.15
338,10102,102,2026-02-08,DEPOSIT,2865261.05
339,10103,103,2026-05-14,WITHDRAWAL,424197.97
340,10103,103,2026-04-28,DEPOSIT,377025.34
341,10103,103,2026-06-07,WITHDRAWAL,134449.76
342,10103,103,2026-04-19,DEPOSIT,94680.02
343,10103,103,2026-06-05,DEPOSIT,131879.59
344,10103,103,2026-05-08,WITHDRAWAL,501435.84
345,10104,104,2026-05-18,DEPOSIT,38977.25
346,10104,104,2026-02-25,DEPOSIT,59803.48
347,10104,104,2026-05-09,DEPOSIT,149135.61
348,10104,104,2026-03-02,DEPOSIT,155263.78
349,10104,104,2026-04-02,DEPOSIT,118174.84
350,10104,104,2026-03-14,DEPOSIT,20620.37
351,10105,105,2026-06-18,DEPOSIT,25085.81
352,10105,105,2026-06-16,DEPOSIT,26055.45
353,10105,105,2026-06-17,DEPOSIT,52863.95
354,10106,106,2026-04-17,WITHDRAWAL,633577.28
355,10106,106,2025-08-03,DEPOSIT,2312752.06
356,10106,106,2026-02-06,DEPOSIT,273559.94
357,10106,106,2025-12-29,WITHDRAWAL,626352.87
358,10106,106,2025-06-30,DEPOSIT,569459.55
359,10106,106,2025-06-26,DEPOSIT,2108198.95
360,10107,107,2025-12-04,WITHDRAWAL,23962.28
361,10107,107,2025-12-17,WITHDRAWAL,136071.29
362,10107,107,2026-03-29,DEPOSIT,153022.23
363,10108,108,2026-04-27,DEPOSIT,915173.73
364,10108,108,2026-04-23,WITHDRAWAL,158256.6
365,10108,108,2026-03-19,DEPOSIT,592573.89
366,10109,109,2026-06-17,WITHDRAWAL,169650.06
367,10109,109,2026-06-15,DEPOSIT,158764.23
368,10110,110,2026-01-29,WITHDRAWAL,1360136.44
369,10110,110,2025-10-28,DEPOSIT,508174.08
370,10110,110,2025-09-14,DEPOSIT,474051.04
371,10110,110,2026-06-10,DEPOSIT,369153.32
372,10111,111,2026-04-25,WITHDRAWAL,150100.56
373,10111,111,2026-05-15,DEPOSIT,216557.55
374,10111,111,2026-05-18,DEPOSIT,146065.85
375,10111,111,2026-05-24,WITHDRAWAL,301679.39
376,10112,112,2026-03-27,DEPOSIT,20373.89
377,10112,112,2026-06-21,WITHDRAWAL,51530.84
378,10112,112,2026-06-06,WITHDRAWAL,90562.41
379,10113,113,2025-12-21,DEPOSIT,17221.7
380,10113,113,2026-06-15,DEPOSIT,59879.66
381,10113,113,2025-08-13,DEPOSIT,87024.59
382,10113,113,2026-01-30,WITHDRAWAL,143845.29
383,10114,114,2025-12-05,WITHDRAWAL,124481.37
384,10114,114,2026-02-03,DEPOSIT,174219.11
385,10114,114,2025-11-24,DEPOSIT,73674.14
386,10114,114,2025-12-27,DEPOSIT,46305.41
387,10114,114,2025-11-20,DEPOSIT,116341.04
388,10114,114,2026-05-10,WITHDRAWAL,52592.83
389,10115,115,2026-03-17,WITHDRAWAL,67421.66
390,10115,115,2026-05-05,DEPOSIT,105142.33
391,10115,115,2026-01-30,DEPOSIT,87117.9
392,10115,115,2025-01-27,DEPOSIT,25477.67
393,10116,116,2026-05-04,DEPOSIT,27264.13
394,10116,116,2026-02-13,DEPOSIT,73047.32
395,10116,116,2026-02-14,DEPOSIT,117445.25
396,10116,116,2026-03-12,WITHDRAWAL,52250.46
397,10117,117,2025-10-02,WITHDRAWAL,52594.48
398,10117,117,2025-07-29,WITHDRAWAL,262242.73
399,10117,117,2025-06-30,WITHDRAWAL,153537.42
400,10117,117,2025-07-26,DEPOSIT,202473.54
401,10117,117,2025-12-18,WITHDRAWAL,433496.94
402,10117,117,2025-02-24,DEPOSIT,210271.88
403,10118,118,2025-10-17,DEPOSIT,70192.07
404,10118,118,2025-03-15,WITHDRAWAL,92573.17
405,10118,118,2026-02-10,DEPOSIT,166143.31
406,10118,118,2025-06-29,WITHDRAWAL,497756.9
407,10119,119,2026-06-09,DEPOSIT,19691.47
408,10119,119,2026-02-02,DEPOSIT,16560.17
409,10119,119,2026-02-21,DEPOSIT,299090.67
410,10119,119,2026-06-01,DEPOSIT,59458.74
411,10119,119,2026-02-13,WITHDRAWAL,24460.81
412,10119,119,2025-10-23,WITHDRAWAL,156439.27
413,10120,120,2026-01-02,DEPOSIT,54207.6
414,10120,120,2026-02-21,DEPOSIT,94725.57
415,10120,120,2026-01-19,DEPOSIT,52347.22
416,10120,120,2025-11-17,DEPOSIT,97229.71
417,10120,120,2026-01-02,DEPOSIT,45289.14
418,10120,120,2025-10-09,DEPOSIT,170107.83
419,10121,121,2026-05-17,DEPOSIT,62391.4
420,10122,122,2026-05-17,DEPOSIT,14524.31
421,10122,122,2026-06-13,WITHDRAWAL,25199.13
422,10123,123,2026-06-20,WITHDRAWAL,51693.22
423,10123,123,2026-06-17,WITHDRAWAL,36146.92
424,10124,124,2026-03-09,DEPOSIT,30320.92
425,10124,124,2026-03-07,DEPOSIT,171028.4
426,10124,124,2026-03-10,WITHDRAWAL,212489.47
427,10124,124,2026-03-21,DEPOSIT,26978.18
428,10124,124,2026-06-20,WITHDRAWAL,33598.78
429,10125,125,2026-05-17,WITHDRAWAL,73361.54
430,10125,125,2026-04-18,WITHDRAWAL,208346.97
431,10125,125,2026-05-09,DEPOSIT,175580.85
432,10125,125,2026-06-13,DEPOSIT,83697.89
433,10125,125,2026-05-10,DEPOSIT,219749.61
434,10125,125,2026-06-21,DEPOSIT,84412.34
435,10126,126,2026-02-08,DEPOSIT,1605763.36
436,10126,126,2025-12-04,DEPOSIT,601532.15
437,10126,126,2026-05-31,DEPOSIT,1335764.6
438,10126,126,2026-01-15,DEPOSIT,665745.2
439,10127,127,2026-03-16,WITHDRAWAL,67480.01
440,10128,128,2026-05-23,DEPOSIT,3025675.99
441,10128,128,2025-08-11,WITHDRAWAL,750975.87
442,10128,128,2026-04-25,WITHDRAWAL,3307295.88
443,10128,128,2026-01-27,WITHDRAWAL,1736699.56
444,10129,129,2026-02-21,DEPOSIT,485891.68
445,10130,130,2025-10-11,WITHDRAWAL,34125.52
446,10130,130,2025-02-16,DEPOSIT,168433.87
447,10131,131,2025-04-13,DEPOSIT,40402.12
448,10132,132,2026-01-30,WITHDRAWAL,121525.74
449,10132,132,2026-04-30,DEPOSIT,122747.49
450,10133,133,2026-01-20,WITHDRAWAL,11556.21
451,10133,133,2026-05-01,DEPOSIT,110675.14
452,10133,133,2026-04-06,DEPOSIT,90539.2
453,10134,134,2025-12-31,DEPOSIT,32200.38
454,10135,135,2026-01-07,WITHDRAWAL,58078.14
455,10135,135,2026-05-28,DEPOSIT,199024.1
456,10135,135,2026-04-02,DEPOSIT,131002.1
457,10135,135,2026-01-14,WITHDRAWAL,167925.17
458,10135,135,2026-05-25,DEPOSIT,31689.16
459,10136,136,2026-06-16,DEPOSIT,465513.12
460,10136,136,2026-02-24,DEPOSIT,344568.56
461,10137,137,2025-09-14,DEPOSIT,385717.75
462,10137,137,2026-01-01,DEPOSIT,256899.45
463,10137,137,2026-02-11,DEPOSIT,135503.02
464,10137,137,2025-12-05,DEPOSIT,123059.2
465,10137,137,2025-12-21,DEPOSIT,163769.8
466,10138,138,2026-06-01,WITHDRAWAL,193416.32
467,10139,139,2025-10-17,DEPOSIT,116316.17
468,10139,139,2026-02-16,WITHDRAWAL,33825.37
469,10139,139,2025-09-24,DEPOSIT,50299.34
470,10140,140,2025-06-24,DEPOSIT,193297.48
471,10140,140,2025-07-02,DEPOSIT,27641.53
472,10140,140,2025-07-20,DEPOSIT,75236.26
473,10141,141,2026-06-01,DEPOSIT,86068.34
474,10141,141,2026-04-01,DEPOSIT,63046.81
475,10142,142,2026-06-14,DEPOSIT,527182.52
476,10142,142,2026-05-17,WITHDRAWAL,787842.21
477,10142,142,2026-06-10,DEPOSIT,129791.71
478,10142,142,2026-06-17,DEPOSIT,1811773.92
479,10142,142,2026-06-02,WITHDRAWAL,103307.21
480,10142,142,2026-05-29,WITHDRAWAL,537024.33
481,10143,143,2026-01-26,DEPOSIT,117067.46
482,10143,143,2025-10-28,DEPOSIT,288409.52
483,10143,143,2025-10-13,WITHDRAWAL,195656.64
484,10143,143,2026-03-25,DEPOSIT,399870.67
485,10144,144,2025-03-02,DEPOSIT,89531.83
486,10144,144,2025-06-19,DEPOSIT,202852.89
487,10144,144,2025-09-22,DEPOSIT,128919.93
488,10144,144,2026-02-13,DEPOSIT,282497.58
489,10144,144,2026-03-03,DEPOSIT,51609.64
490,10144,144,2025-12-04,WITHDRAWAL,220244.96
491,10145,145,2025-05-06,DEPOSIT,39166.19
492,10145,145,2025-06-26,DEPOSIT,21252.92
493,10146,146,2026-02-11,DEPOSIT,508445.55
494,10146,146,2026-05-02,WITHDRAWAL,1286925.11
495,10146,146,2025-10-24,DEPOSIT,184614.58
496,10146,146,2026-05-31,WITHDRAWAL,324070.35
497,10147,147,2025-05-03,DEPOSIT,25946.95
498,10147,147,2026-04-10,DEPOSIT,72110.78
499,10147,147,2025-03-31,DEPOSIT,31317.21
500,10147,147,2025-06-17,DEPOSIT,22035.19
501,10147,147,2025-12-04,DEPOSIT,54345.64
502,10147,147,2025-02-13,WITHDRAWAL,160064.95
503,10148,148,2025-11-28,DEPOSIT,68471.7
504,10148,148,2025-11-15,WITHDRAWAL,20715.34
505,10148,148,2025-11-28,DEPOSIT,45045.26
506,10148,148,2025-05-13,DEPOSIT,32538.17
507,10148,148,2025-09-21,WITHDRAWAL,282694.56
508,10148,148,2025-10-24,DEPOSIT,68578.1
509,10149,149,2026-06-02,DEPOSIT,27647.49
510,10150,150,2026-04-14,DEPOSIT,46643.59
511,10150,150,2026-04-27,WITHDRAWAL,89874.82
512,10150,150,2026-01-22,DEPOSIT,105936.91
513,10150,150,2026-01-17,DEPOSIT,263809.38
514,10150,150,2026-02-26,DEPOSIT,77243.01
515,10151,151,2026-06-12,DEPOSIT,73437.3
516,10151,151,2026-06-06,DEPOSIT,158626.31
517,10151,151,2026-01-02,DEPOSIT,78477.97
518,10151,151,2026-01-18,DEPOSIT,101676.82
519,10151,151,2026-04-06,DEPOSIT,250954.29
520,10152,152,2026-01-16,WITHDRAWAL,234137.3
521,10152,152,2026-04-14,WITHDRAWAL,205964.67
522,10152,152,2026-06-06,DEPOSIT,148163.64
523,10152,152,2026-04-17,DEPOSIT,236481.17
524,10153,153,2025-11-07,WITHDRAWAL,61771.9
525,10153,153,2026-01-05,DEPOSIT,13371.71
526,10154,154,2026-05-02,DEPOSIT,507704.52
527,10155,155,2026-05-19,WITHDRAWAL,74752.66
528,10156,156,2025-11-12,DEPOSIT,72707.51
529,10156,156,2026-05-06,DEPOSIT,120718.46
530,10156,156,2025-04-20,DEPOSIT,40729.14
531,10156,156,2025-09-27,DEPOSIT,114903.18
532,10156,156,2025-05-03,DEPOSIT,453154.26
533,10157,157,2026-04-19,WITHDRAWAL,63640.14
534,10157,157,2026-05-09,WITHDRAWAL,60116.42
535,10157,157,2026-06-11,DEPOSIT,13816.63
536,10157,157,2026-03-15,DEPOSIT,29026.68
537,10157,157,2026-03-28,WITHDRAWAL,22707.95
538,10157,157,2026-05-18,WITHDRAWAL,22266.64
539,10158,158,2025-09-27,DEPOSIT,110055.58
540,10158,158,2026-05-04,DEPOSIT,104931.17
541,10158,158,2026-05-06,DEPOSIT,75989.91
542,10159,159,2025-05-12,DEPOSIT,499759.72
543,10159,159,2025-08-15,WITHDRAWAL,319704.03
544,10159,159,2025-11-17,DEPOSIT,346186.27
545,10159,159,2026-04-25,DEPOSIT,133223.36
546,10160,160,2025-05-23,DEPOSIT,64309.98
547,10160,160,2025-11-06,DEPOSIT,69290.82
548,10160,160,2026-04-02,WITHDRAWAL,71338.75
549,10161,161,2026-03-24,DEPOSIT,82633.05
550,10161,161,2026-06-18,DEPOSIT,69496.16
551,10161,161,2026-04-21,DEPOSIT,102264.22
552,10161,161,2026-04-04,WITHDRAWAL,107251.98
553,10162,162,2026-04-12,DEPOSIT,111717.09
554,10162,162,2026-05-16,WITHDRAWAL,600150.83
555,10163,163,2026-06-19,DEPOSIT,446156.25
556,10163,163,2026-06-20,DEPOSIT,214140.45
557,10163,163,2026-06-08,WITHDRAWAL,409612.52
558,10163,163,2026-06-18,DEPOSIT,285722.92
559,10164,164,2026-04-02,DEPOSIT,100518.47
560,10165,165,2026-06-09,DEPOSIT,293398.59
561,10165,165,2026-04-18,DEPOSIT,581789.74
562,10165,165,2026-05-08,WITHDRAWAL,6545757.13
563,10166,166,2025-04-09,DEPOSIT,395800.7
564,10166,166,2025-08-14,WITHDRAWAL,747920.8
565,10166,166,2026-03-14,WITHDRAWAL,423444.68
566,10166,166,2025-12-26,WITHDRAWAL,1013299.27
567,10166,166,2025-12-18,DEPOSIT,620619.52
568,10166,166,2026-05-26,WITHDRAWAL,625631.18
569,10167,167,2025-10-22,DEPOSIT,34824.34
570,10167,167,2026-04-23,WITHDRAWAL,213529.67
571,10168,168,2025-11-16,DEPOSIT,25556.58
572,10169,169,2026-02-25,DEPOSIT,216891.3
573,10169,169,2026-06-20,DEPOSIT,14402.86
574,10169,169,2025-11-23,DEPOSIT,59197.54
575,10169,169,2026-04-11,DEPOSIT,108130.82
576,10169,169,2025-10-25,DEPOSIT,59768.71
577,10170,170,2026-02-05,WITHDRAWAL,303153.24
578,10170,170,2025-10-12,DEPOSIT,836956.64
579,10170,170,2026-01-23,WITHDRAWAL,1363580.26
580,10170,170,2026-03-10,DEPOSIT,306154.55
581,10170,170,2025-12-20,DEPOSIT,729909.21
582,10171,171,2025-12-09,DEPOSIT,152300.6
583,10171,171,2025-11-28,DEPOSIT,614701.23
584,10171,171,2026-01-19,DEPOSIT,242390.45
585,10172,172,2026-04-10,DEPOSIT,102303.73
586,10172,172,2025-05-05,WITHDRAWAL,99768.25
587,10173,173,2026-05-06,DEPOSIT,62587.05
588,10173,173,2026-03-26,DEPOSIT,52243.59
589,10173,173,2026-04-06,DEPOSIT,46998.86
590,10173,173,2026-04-14,DEPOSIT,27898.76
591,10173,173,2026-04-19,WITHDRAWAL,21055.65
592,10173,173,2026-05-09,WITHDRAWAL,48170.38
593,10174,174,2026-06-04,WITHDRAWAL,106648.09
594,10174,174,2026-02-20,DEPOSIT,112543.48
595,10174,174,2026-04-15,DEPOSIT,25581.75
596,10174,174,2026-03-02,WITHDRAWAL,28611.3
597,10175,175,2026-04-04,DEPOSIT,693335.95
598,10175,175,2025-07-29,DEPOSIT,1082301.65
599,10175,175,2026-02-21,DEPOSIT,155091.18
600,10175,175,2025-05-23,DEPOSIT,1091875.1
601,10175,175,2025-05-11,DEPOSIT,347923.83
602,10175,175,2025-08-14,DEPOSIT,1646925.01
603,10176,176,2026-05-22,DEPOSIT,10784.15
604,10176,176,2026-02-09,DEPOSIT,38204.95
605,10176,176,2026-05-26,WITHDRAWAL,668083.15
606,10176,176,2026-02-10,DEPOSIT,32954.99
607,10176,176,2026-05-25,DEPOSIT,71645.5
608,10176,176,2026-06-02,WITHDRAWAL,56237.63
609,10177,177,2025-12-04,DEPOSIT,56770.0
610,10177,177,2025-10-12,DEPOSIT,63088.42
611,10177,177,2025-12-20,DEPOSIT,256738.58
612,10177,177,2026-02-21,DEPOSIT,637793.98
613,10178,178,2025-11-05,DEPOSIT,71536.23
614,10178,178,2026-04-29,WITHDRAWAL,154665.32
615,10178,178,2026-02-03,DEPOSIT,23633.75
616,10178,178,2026-04-27,DEPOSIT,148756.17
617,10178,178,2025-11-04,DEPOSIT,201111.98
618,10179,179,2025-12-10,DEPOSIT,7843.12
619,10179,179,2025-12-22,WITHDRAWAL,83303.85
620,10179,179,2026-03-25,DEPOSIT,51233.19
621,10179,179,2026-05-13,DEPOSIT,16445.23
622,10179,179,2026-01-20,DEPOSIT,93664.62
623,10180,180,2026-03-16,DEPOSIT,26134.22
624,10180,180,2025-11-20,DEPOSIT,29454.07
625,10180,180,2025-10-30,DEPOSIT,211692.42
626,10180,180,2025-10-29,DEPOSIT,17321.65
627,10180,180,2026-04-09,WITHDRAWAL,68981.28
628,10180,180,2025-11-24,DEPOSIT,111515.2
629,10181,181,2025-06-13,WITHDRAWAL,133002.73
630,10181,181,2025-12-30,DEPOSIT,21494.83
631,10182,182,2026-03-20,DEPOSIT,117341.61
632,10183,183,2026-04-20,DEPOSIT,40718.06
633,10183,183,2026-05-23,DEPOSIT,245030.41
634,10183,183,2026-05-12,DEPOSIT,106992.22
635,10183,183,2026-05-06,DEPOSIT,75969.32
636,10184,184,2026-03-31,DEPOSIT,137976.08
637,10184,184,2026-05-10,DEPOSIT,176336.67
638,10184,184,2026-03-06,DEPOSIT,25182.56
639,10184,184,2026-02-09,DEPOSIT,81156.84
640,10184,184,2026-01-22,DEPOSIT,110322.35
641,10184,184,2026-06-17,WITHDRAWAL,55586.31
642,10185,185,2026-05-29,DEPOSIT,34860.63
643,10185,185,2026-04-18,DEPOSIT,58389.94
644,10185,185,2026-05-16,DEPOSIT,18912.54
645,10185,185,2026-03-07,DEPOSIT,53280.68
646,10185,185,2026-03-23,DEPOSIT,124016.22
647,10185,185,2026-04-12,DEPOSIT,56883.26
648,10186,186,2026-06-12,DEPOSIT,51348.68
649,10187,187,2026-05-31,DEPOSIT,99711.07
650,10187,187,2026-05-02,DEPOSIT,359895.09
651,10187,187,2026-05-18,DEPOSIT,402082.41
652,10187,187,2026-05-29,DEPOSIT,2090228.16
653,10187,187,2026-06-20,DEPOSIT,241429.34
654,10187,187,2026-05-12,DEPOSIT,1358013.43
655,10188,188,2026-02-23,WITHDRAWAL,139824.62
656,10188,188,2025-10-19,DEPOSIT,118060.31
657,10188,188,2026-02-25,WITHDRAWAL,20539.59
658,10189,189,2026-03-25,DEPOSIT,18106.61
659,10189,189,2025-09-30,DEPOSIT,55279.64
660,10189,189,2026-03-17,DEPOSIT,40722.13
661,10189,189,2025-04-05,WITHDRAWAL,69046.38
662,10190,190,2026-04-28,DEPOSIT,411968.2
663,10190,190,2026-02-17,DEPOSIT,326812.23
664,10191,191,2026-04-28,DEPOSIT,45737.97
665,10192,192,2025-03-30,DEPOSIT,76777.28
666,10192,192,2026-02-17,DEPOSIT,77087.44
667,10192,192,2025-11-05,DEPOSIT,119267.99
668,10193,193,2026-04-20,WITHDRAWAL,30384.52
669,10193,193,2026-03-15,DEPOSIT,22869.4
670,10193,193,2026-01-31,DEPOSIT,63071.7
671,10194,194,2025-10-03,DEPOSIT,64499.12
672,10194,194,2025-12-07,DEPOSIT,166178.03
673,10194,194,2025-11-18,WITHDRAWAL,8517.12
674,10194,194,2025-09-13,DEPOSIT,31274.64
675,10195,195,2026-04-08,DEPOSIT,58783.04
676,10196,196,2026-04-20,DEPOSIT,232365.25
677,10196,196,2026-06-16,DEPOSIT,123640.83
678,10197,197,2025-11-08,DEPOSIT,216400.83
679,10197,197,2025-11-10,DEPOSIT,28449.7
680,10197,197,2026-03-27,WITHDRAWAL,128067.44
681,10197,197,2025-12-17,WITHDRAWAL,46194.95
682,10197,197,2026-06-18,DEPOSIT,24269.26
683,10197,197,2025-12-22,DEPOSIT,165237.72
684,10198,198,2026-05-10,WITHDRAWAL,70059.41
685,10198,198,2026-04-01,WITHDRAWAL,32095.64
686,10199,199,2026-06-20,DEPOSIT,9298.18
687,10199,199,2026-05-28,DEPOSIT,18240.83
688,10199,199,2026-05-28,WITHDRAWAL,34740.65
689,10200,200,2026-04-02,DEPOSIT,35846.31
690,10200,200,2026-03-16,WITHDRAWAL,305064.7
691,10200,200,2026-04-11,DEPOSIT,52591.51
692,10200,200,2026-02-07,WITHDRAWAL,177909.83
693,10201,201,2026-01-26,WITHDRAWAL,173016.79
694,10201,201,2026-05-05,WITHDRAWAL,37586.33
695,10202,202,2026-06-05,DEPOSIT,37383.86
696,10202,202,2026-06-12,WITHDRAWAL,68135.04
697,10202,202,2025-11-14,DEPOSIT,17631.94
698,10203,203,2026-05-01,WITHDRAWAL,374507.71
699,10203,203,2026-03-17,DEPOSIT,747147.56
700,10203,203,2025-09-14,DEPOSIT,427678.96
701,10203,203,2025-06-09,DEPOSIT,524359.55
702,10203,203,2025-11-13,WITHDRAWAL,344688.15
703,10203,203,2025-07-21,WITHDRAWAL,870491.24
704,10204,204,2025-10-12,DEPOSIT,40493.12
705,10204,204,2025-11-15,DEPOSIT,98584.25
706,10204,204,2026-04-13,WITHDRAWAL,25011.94
707,10204,204,2025-08-19,DEPOSIT,39523.27
708,10205,205,2025-06-06,DEPOSIT,93648.26
709,10206,206,2026-06-20,DEPOSIT,196084.56
710,10207,207,2026-01-16,DEPOSIT,72715.89
711,10207,207,2025-11-01,WITHDRAWAL,15648.89
712,10208,208,2026-01-17,DEPOSIT,163339.1
713,10208,208,2025-11-28,DEPOSIT,1189383.22
714,10208,208,2026-06-04,WITHDRAWAL,620080.31
715,10208,208,2026-01-15,DEPOSIT,71262.19
716,10209,209,2026-05-06,DEPOSIT,29975.33
717,10209,209,2026-04-14,WITHDRAWAL,48230.44
718,10210,210,2025-11-25,DEPOSIT,65760.4
719,10211,211,2026-05-20,DEPOSIT,21646.76
720,10211,211,2026-06-15,WITHDRAWAL,53213.79
721,10211,211,2026-03-19,DEPOSIT,40316.21
722,10211,211,2026-02-27,WITHDRAWAL,86993.77
723,10211,211,2025-10-11,DEPOSIT,94746.14
724,10212,212,2025-08-02,DEPOSIT,477425.9
725,10212,212,2025-07-29,DEPOSIT,769556.21
726,10213,213,2025-05-16,DEPOSIT,24157.13
727,10214,214,2025-07-09,WITHDRAWAL,45608.2
728,10214,214,2025-06-13,DEPOSIT,9774.58
729,10214,214,2026-05-28,DEPOSIT,63124.86
730,10214,214,2025-04-28,DEPOSIT,131259.1
731,10214,214,2025-04-07,DEPOSIT,26223.78
732,10215,215,2026-05-25,WITHDRAWAL,662151.79
733,10215,215,2026-03-28,DEPOSIT,1538668.22
734,10215,215,2026-03-16,DEPOSIT,294897.46
735,10215,215,2026-05-26,DEPOSIT,766868.68
736,10216,216,2026-06-05,DEPOSIT,14965.46
737,10216,216,2026-06-20,DEPOSIT,20983.83
738,10216,216,2026-06-09,WITHDRAWAL,37854.07
739,10217,217,2025-06-06,DEPOSIT,79628.8
740,10217,217,2025-09-10,DEPOSIT,55735.32
741,10217,217,2025-08-16,WITHDRAWAL,108123.67
742,10218,218,2025-12-17,DEPOSIT,83761.55
743,10218,218,2026-01-14,DEPOSIT,77803.45
744,10218,218,2026-04-07,DEPOSIT,128387.46
745,10218,218,2025-12-10,DEPOSIT,102454.21
746,10218,218,2026-02-27,DEPOSIT,153339.62
747,10218,218,2025-11-05,DEPOSIT,86154.41
748,10219,219,2026-01-31,DEPOSIT,39534.98
749,10219,219,2025-07-20,WITHDRAWAL,162094.92
750,10219,219,2025-10-22,DEPOSIT,82084.25
751,10220,220,2025-11-29,DEPOSIT,171881.88
752,10220,220,2025-09-21,WITHDRAWAL,101975.93
753,10220,220,2026-06-09,DEPOSIT,264241.11
754,10221,221,2026-05-23,DEPOSIT,118861.28
755,10221,221,2026-05-21,DEPOSIT,179254.57
756,10222,222,2026-02-28,DEPOSIT,154718.26
757,10222,222,2025-08-21,WITHDRAWAL,24423.44
758,10223,223,2026-06-07,DEPOSIT,228260.99
759,10223,223,2026-06-07,WITHDRAWAL,153311.79
760,10223,223,2026-06-12,DEPOSIT,189264.59
761,10223,223,2026-06-11,DEPOSIT,223061.53
762,10224,224,2026-05-31,WITHDRAWAL,30630.48
763,10225,225,2026-03-11,DEPOSIT,65520.72
764,10225,225,2026-06-20,DEPOSIT,136179.41
765,10225,225,2026-03-16,WITHDRAWAL,24467.52
766,10225,225,2026-06-19,DEPOSIT,345071.32
767,10225,225,2026-03-10,WITHDRAWAL,342805.75
768,10226,226,2025-10-10,DEPOSIT,195083.35
769,10226,226,2026-04-22,DEPOSIT,60691.28
770,10227,227,2026-02-26,DEPOSIT,107296.31
771,10227,227,2025-09-26,WITHDRAWAL,64818.61
772,10227,227,2026-02-20,WITHDRAWAL,48571.8
773,10227,227,2026-06-03,DEPOSIT,37065.34
774,10227,227,2025-10-17,DEPOSIT,28995.7
775,10228,228,2026-06-11,WITHDRAWAL,46890.85
776,10228,228,2026-06-09,DEPOSIT,121972.95
777,10228,228,2026-06-18,WITHDRAWAL,32831.49
778,10228,228,2026-05-30,WITHDRAWAL,17452.85
779,10228,228,2026-06-11,DEPOSIT,79426.17
780,10229,229,2026-06-18,DEPOSIT,58415.88
781,10229,229,2026-05-29,DEPOSIT,13051.12
782,10229,229,2026-06-02,DEPOSIT,113930.54
783,10229,229,2026-04-30,DEPOSIT,24965.94
784,10229,229,2026-05-22,DEPOSIT,21498.79
785,10229,229,2026-04-20,DEPOSIT,26856.32
786,10230,230,2026-03-30,WITHDRAWAL,117052.86
787,10230,230,2026-05-14,WITHDRAWAL,147921.39
788,10231,231,2026-04-01,DEPOSIT,330178.72
789,10231,231,2026-01-17,WITHDRAWAL,175717.94
790,10232,232,2026-01-11,DEPOSIT,74781.81
791,10232,232,2026-04-14,DEPOSIT,40304.58
792,10232,232,2026-05-16,WITHDRAWAL,48944.67
793,10232,232,2026-05-06,DEPOSIT,215530.64
794,10233,233,2026-03-17,WITHDRAWAL,298465.08
795,10233,233,2026-05-21,DEPOSIT,114849.75
796,10234,234,2026-02-22,WITHDRAWAL,109243.34
797,10234,234,2026-06-04,WITHDRAWAL,61878.38
798,10234,234,2026-04-16,DEPOSIT,33873.76
799,10234,234,2026-03-12,WITHDRAWAL,47491.99
800,10234,234,2026-05-04,WITHDRAWAL,20965.43
801,10235,235,2026-05-19,WITHDRAWAL,149553.22
802,10235,235,2026-06-19,DEPOSIT,147058.08
803,10235,235,2026-06-14,DEPOSIT,13724.52
804,10235,235,2026-05-15,WITHDRAWAL,15701.29
805,10236,236,2026-03-24,DEPOSIT,12620.83
806,10236,236,2026-03-29,DEPOSIT,113683.03
807,10236,236,2026-05-15,WITHDRAWAL,203748.59
808,10236,236,2026-02-05,DEPOSIT,59760.24
809,10236,236,2026-01-08,WITHDRAWAL,130795.2
810,10236,236,2026-06-02,DEPOSIT,215595.29
811,10237,237,2026-05-22,WITHDRAWAL,127127.4
812,10237,237,2026-06-11,DEPOSIT,62315.35
813,10237,237,2026-05-19,DEPOSIT,38258.29
814,10237,237,2026-05-13,WITHDRAWAL,40713.58
815,10237,237,2026-05-29,WITHDRAWAL,206483.0
816,10238,238,2025-12-22,DEPOSIT,240657.19
817,10238,238,2026-03-11,WITHDRAWAL,82398.8
818,10238,238,2025-10-26,DEPOSIT,101826.99
819,10238,238,2025-08-09,DEPOSIT,447402.87
820,10239,239,2026-06-18,DEPOSIT,28757.84
821,10239,239,2026-06-13,DEPOSIT,68735.03
822,10239,239,2026-06-16,WITHDRAWAL,70723.01
823,10239,239,2026-06-14,DEPOSIT,64393.3
824,10239,239,2026-06-13,DEPOSIT,49126.03
825,10240,240,2026-03-22,DEPOSIT,41521.24
826,10240,240,2026-06-11,DEPOSIT,52976.97
827,10240,240,2025-11-30,WITHDRAWAL,104267.64
828,10240,240,2026-03-17,WITHDRAWAL,46431.7
829,10240,240,2025-10-16,DEPOSIT,120460.5
830,10240,240,2026-02-21,WITHDRAWAL,54731.59
831,10241,241,2026-03-30,WITHDRAWAL,3087349.89
832,10241,241,2026-02-27,WITHDRAWAL,1584978.07
833,10241,241,2026-04-26,DEPOSIT,2498332.76
834,10241,241,2026-02-11,DEPOSIT,4353144.27
835,10241,241,2026-06-14,DEPOSIT,488499.6
836,10242,242,2025-11-25,WITHDRAWAL,220269.44
837,10242,242,2025-12-18,DEPOSIT,33839.57
838,10242,242,2026-06-05,WITHDRAWAL,53474.34
839,10242,242,2025-08-14,DEPOSIT,107260.71
840,10242,242,2025-10-23,DEPOSIT,77462.66
841,10242,242,2026-01-27,DEPOSIT,80276.82
842,10243,243,2026-05-14,DEPOSIT,68124.64
843,10243,243,2026-06-19,WITHDRAWAL,22008.63
844,10243,243,2026-03-17,DEPOSIT,97886.16
845,10244,244,2026-06-16,DEPOSIT,9530.99
846,10244,244,2026-05-29,DEPOSIT,29822.53
847,10244,244,2026-05-08,DEPOSIT,26000.76
848,10244,244,2026-06-02,DEPOSIT,82928.79
849,10245,245,2025-11-10,DEPOSIT,388077.1
850,10246,246,2025-10-28,WITHDRAWAL,54842.55
851,10246,246,2026-02-18,WITHDRAWAL,52865.94
852,10246,246,2025-08-27,DEPOSIT,104467.43
853,10246,246,2025-10-22,WITHDRAWAL,130365.34
854,10246,246,2026-01-08,DEPOSIT,62581.47
855,10246,246,2026-04-06,DEPOSIT,87118.7
856,10247,247,2025-12-22,DEPOSIT,22505.99
857,10247,247,2026-04-26,DEPOSIT,20118.11
858,10248,248,2026-03-12,DEPOSIT,57525.55
859,10248,248,2025-12-14,DEPOSIT,243686.58
860,10248,248,2026-02-27,DEPOSIT,31460.48
861,10248,248,2025-09-25,WITHDRAWAL,46998.88
862,10248,248,2025-06-01,DEPOSIT,180646.4
863,10249,249,2026-01-22,DEPOSIT,42311.74
864,10249,249,2025-11-07,DEPOSIT,14102.17
865,10249,249,2026-01-21,WITHDRAWAL,35640.9
866,10250,250,2026-01-17,DEPOSIT,925987.56
867,10250,250,2025-12-04,WITHDRAWAL,218904.23
868,10250,250,2026-02-02,DEPOSIT,407276.01
869,10250,250,2026-05-09,DEPOSIT,1879220.03
870,10250,250,2026-02-09,DEPOSIT,115761.54
871,10250,250,2025-12-29,WITHDRAWAL,1826371.88
872,10251,251,2026-06-14,DEPOSIT,347452.84
873,10251,251,2026-05-30,WITHDRAWAL,62982.2
874,10251,251,2026-04-01,DEPOSIT,37864.8
875,10251,251,2026-06-08,DEPOSIT,21468.17
876,10252,252,2026-06-04,DEPOSIT,186077.09
877,10252,252,2026-05-22,DEPOSIT,39761.28
878,10252,252,2026-02-13,WITHDRAWAL,20283.99
879,10252,252,2026-06-04,DEPOSIT,298125.95
880,10252,252,2026-04-24,WITHDRAWAL,321030.04
881,10253,253,2026-01-25,DEPOSIT,203934.38
882,10253,253,2026-04-07,DEPOSIT,276122.4
883,10253,253,2026-03-01,DEPOSIT,57958.34
884,10254,254,2026-06-19,WITHDRAWAL,1735281.52
885,10254,254,2026-05-28,DEPOSIT,1744238.77
886,10254,254,2026-06-02,DEPOSIT,834033.2
887,10255,255,2026-03-09,DEPOSIT,126092.99
888,10255,255,2025-08-04,DEPOSIT,260629.68
889,10255,255,2025-09-11,WITHDRAWAL,116253.15
890,10255,255,2025-11-09,WITHDRAWAL,78804.08
891,10255,255,2025-06-11,WITHDRAWAL,183046.19
892,10256,256,2026-06-11,DEPOSIT,57554.88
893,10256,256,2026-06-18,WITHDRAWAL,23758.25
894,10257,257,2025-11-27,DEPOSIT,34322.15
895,10257,257,2026-01-22,DEPOSIT,144647.5
896,10257,257,2026-03-05,DEPOSIT,394661.92
897,10258,258,2025-11-06,DEPOSIT,65528.2
898,10258,258,2026-04-24,DEPOSIT,192164.27
899,10258,258,2025-11-22,DEPOSIT,66063.12
900,10259,259,2026-04-09,DEPOSIT,56650.32
901,10259,259,2026-02-19,DEPOSIT,16190.21
902,10259,259,2026-02-20,WITHDRAWAL,157681.54
903,10259,259,2026-04-29,WITHDRAWAL,112776.52
904,10259,259,2026-03-30,DEPOSIT,60989.45
905,10259,259,2026-04-23,DEPOSIT,54474.4
906,10260,260,2025-11-24,WITHDRAWAL,25965.88
907,10260,260,2026-05-17,DEPOSIT,59094.38
908,10260,260,2025-12-04,WITHDRAWAL,18923.12
909,10261,261,2025-11-23,DEPOSIT,195092.84
910,10261,261,2026-03-08,DEPOSIT,293620.98
911,10261,261,2025-10-26,DEPOSIT,31786.73
912,10261,261,2026-01-17,DEPOSIT,363707.92
913,10261,261,2026-03-26,WITHDRAWAL,202691.19
914,10262,262,2026-06-19,DEPOSIT,17838.27
915,10262,262,2026-06-16,DEPOSIT,89009.86
916,10262,262,2026-06-16,DEPOSIT,137966.76
917,10262,262,2026-06-21,DEPOSIT,44649.62
918,10263,263,2025-07-31,DEPOSIT,21469.17
919,10263,263,2025-05-13,WITHDRAWAL,32090.78
920,10263,263,2026-01-13,DEPOSIT,59914.95
921,10263,263,2025-01-09,WITHDRAWAL,97243.82
922,10263,263,2026-01-04,DEPOSIT,31386.34
923,10264,264,2026-04-03,WITHDRAWAL,39144.56
924,10264,264,2026-02-25,DEPOSIT,57806.97
925,10264,264,2026-05-07,DEPOSIT,60780.17
926,10265,265,2026-04-14,DEPOSIT,123594.92
927,10265,265,2025-12-06,DEPOSIT,101345.13
928,10266,266,2026-03-12,DEPOSIT,307792.46
929,10267,267,2026-05-23,DEPOSIT,109274.98
930,10267,267,2026-04-20,DEPOSIT,113428.8
931,10267,267,2026-04-26,DEPOSIT,88886.19
932,10267,267,2026-04-18,WITHDRAWAL,81424.58
933,10267,267,2026-05-28,DEPOSIT,25128.08
934,10268,268,2025-12-25,DEPOSIT,332830.23
935,10268,268,2025-11-13,DEPOSIT,489882.42
936,10268,268,2025-05-28,WITHDRAWAL,583528.79
937,10269,269,2025-12-15,DEPOSIT,2702130.52
938,10269,269,2026-02-20,DEPOSIT,515236.78
939,10269,269,2025-10-25,DEPOSIT,431070.97
940,10270,270,2026-01-04,WITHDRAWAL,30719.77
941,10270,270,2025-12-13,DEPOSIT,202359.75
942,10271,271,2026-03-11,DEPOSIT,139718.41
943,10271,271,2026-01-13,DEPOSIT,35933.82
944,10272,272,2026-02-05,DEPOSIT,204764.25
945,10272,272,2026-03-01,WITHDRAWAL,368856.44
946,10272,272,2025-11-18,DEPOSIT,115753.88
947,10272,272,2026-02-03,DEPOSIT,162366.65
948,10272,272,2026-03-08,DEPOSIT,507955.06
949,10272,272,2026-03-07,WITHDRAWAL,809488.57
950,10273,273,2025-11-18,DEPOSIT,46315.62
951,10273,273,2025-11-19,DEPOSIT,75371.69
952,10273,273,2026-02-22,WITHDRAWAL,56974.11
953,10273,273,2026-02-01,DEPOSIT,29957.14
954,10273,273,2025-11-16,WITHDRAWAL,48583.31
955,10274,274,2026-04-24,DEPOSIT,950158.06
956,10274,274,2026-04-11,DEPOSIT,292766.32
957,10275,275,2025-10-12,DEPOSIT,10669.64
958,10275,275,2025-07-30,DEPOSIT,35247.99
959,10276,276,2026-03-04,WITHDRAWAL,28634.78
960,10276,276,2026-04-28,DEPOSIT,99809.03
961,10276,276,2025-11-13,DEPOSIT,147980.24
962,10276,276,2026-01-15,DEPOSIT,239065.4
963,10276,276,2026-03-12,WITHDRAWAL,211215.08
964,10277,277,2026-04-07,DEPOSIT,43830.29
965,10278,278,2026-01-25,DEPOSIT,130868.89
966,10278,278,2026-05-02,WITHDRAWAL,146676.67
967,10278,278,2026-06-15,DEPOSIT,110049.27
968,10278,278,2025-08-03,DEPOSIT,129804.68
969,10278,278,2025-07-05,DEPOSIT,656976.85
970,10279,279,2025-10-31,DEPOSIT,66489.07
971,10280,280,2025-07-27,WITHDRAWAL,117537.16
972,10280,280,2026-05-15,WITHDRAWAL,199620.28
973,10280,280,2026-02-04,DEPOSIT,799156.47
974,10280,280,2026-04-01,DEPOSIT,463059.62
975,10280,280,2025-09-03,DEPOSIT,686096.01
976,10281,281,2026-05-01,DEPOSIT,70019.33
977,10281,281,2026-04-06,DEPOSIT,249919.04
978,10281,281,2026-02-06,DEPOSIT,304747.86
979,10281,281,2026-06-09,DEPOSIT,115479.15
980,10281,281,2026-06-16,WITHDRAWAL,151458.25
981,10281,281,2026-02-13,DEPOSIT,345386.14
982,10282,282,2026-01-25,DEPOSIT,58383.4
983,10282,282,2025-12-18,WITHDRAWAL,54525.12
984,10282,282,2025-09-08,DEPOSIT,100829.49
985,10283,283,2025-08-22,WITHDRAWAL,17518.51
986,10283,283,2026-05-23,DEPOSIT,29657.77
987,10283,283,2025-07-08,WITHDRAWAL,84335.15
988,10283,283,2026-04-26,DEPOSIT,50408.75
989,10283,283,2026-02-25,DEPOSIT,116434.05
990,10284,284,2026-05-12,DEPOSIT,348734.08
991,10284,284,2025-12-04,DEPOSIT,139940.88
992,10284,284,2025-06-30,WITHDRAWAL,367009.73
993,10284,284,2025-12-27,DEPOSIT,162849.2
994,10284,284,2026-02-19,DEPOSIT,414572.9
995,10284,284,2026-03-25,DEPOSIT,445367.3
996,10285,285,2026-05-03,DEPOSIT,158842.0
997,10285,285,2025-03-23,DEPOSIT,288831.28
998,10285,285,2025-06-26,DEPOSIT,43711.47
999,10286,286,2025-10-05,WITHDRAWAL,78550.29
1000,10286,286,2025-10-20,DEPOSIT,177711.96
1001,10286,286,2025-09-30,DEPOSIT,253967.59
1002,10286,286,2026-03-07,WITHDRAWAL,122609.8
1003,10286,286,2026-03-04,DEPOSIT,371109.2
1004,10287,287,2026-06-15,DEPOSIT,246680.85
1005,10288,288,2025-02-27,DEPOSIT,16460.52
1006,10288,288,2025-07-12,DEPOSIT,20574.73
1007,10289,289,2026-04-07,DEPOSIT,31484.72
1008,10289,289,2025-12-18,DEPOSIT,95293.83
1009,10289,289,2026-01-27,DEPOSIT,189196.26
1010,10289,289,2025-09-30,DEPOSIT,27184.21
1011,10290,290,2026-04-12,DEPOSIT,45217.11
1012,10290,290,2025-12-14,DEPOSIT,8559.42
1013,10290,290,2026-04-01,DEPOSIT,7777.97
1014,10290,290,2025-10-01,DEPOSIT,54171.29
1015,10291,291,2025-12-23,DEPOSIT,16063.47
1016,10291,291,2026-03-26,WITHDRAWAL,7743.04
1017,10291,291,2026-02-23,DEPOSIT,53861.27
1018,10291,291,2026-01-03,DEPOSIT,32703.12
1019,10291,291,2026-02-27,DEPOSIT,116269.89
1020,10292,292,2026-03-04,WITHDRAWAL,16255.04
1021,10292,292,2025-02-12,WITHDRAWAL,136759.27
1022,10293,293,2026-06-09,DEPOSIT,68323.27
1023,10293,293,2026-05-06,DEPOSIT,100985.25
1024,10293,293,2026-03-26,DEPOSIT,54192.51
1025,10293,293,2026-03-13,DEPOSIT,97165.11
1026,10293,293,2026-05-13,DEPOSIT,39824.93
1027,10294,294,2025-10-14,WITHDRAWAL,33702.17
1028,10294,294,2026-03-31,WITHDRAWAL,92117.86
1029,10294,294,2025-11-24,WITHDRAWAL,50477.06
1030,10294,294,2025-11-26,WITHDRAWAL,173753.97
1031,10295,295,2026-04-29,WITHDRAWAL,2229805.69
1032,10295,295,2026-05-08,DEPOSIT,2809198.63
1033,10296,296,2026-05-31,WITHDRAWAL,555826.66
1034,10296,296,2026-01-26,DEPOSIT,579626.63
1035,10296,296,2026-01-15,WITHDRAWAL,1006449.5
1036,10296,296,2026-05-13,WITHDRAWAL,444422.1
1037,10296,296,2026-04-15,DEPOSIT,1090993.12
1038,10297,297,2026-05-28,WITHDRAWAL,167482.91
1039,10297,297,2026-05-15,DEPOSIT,94743.27
1040,10298,298,2026-05-19,DEPOSIT,51626.27
1041,10298,298,2026-04-23,WITHDRAWAL,50202.08
1042,10298,298,2025-09-14,DEPOSIT,45206.02
1043,10299,299,2026-04-01,DEPOSIT,12209.17
1044,10299,299,2026-03-19,DEPOSIT,127787.76
1045,10299,299,2026-05-29,DEPOSIT,76291.0
1046,10300,300,2026-03-27,WITHDRAWAL,163087.9
1047,10300,300,2026-05-31,DEPOSIT,293564.87
1048,10300,300,2026-06-14,DEPOSIT,141538.37
1049,10300,300,2026-04-02,DEPOSIT,966771.0
1050,10300,300,2026-05-16,DEPOSIT,355807.7
1051,10301,301,2026-06-11,DEPOSIT,19187.5
1052,10301,301,2026-06-11,DEPOSIT,67226.53
1053,10301,301,2026-06-18,DEPOSIT,160805.52
1054,10301,301,2026-06-14,WITHDRAWAL,92564.66
1055,10301,301,2026-06-21,DEPOSIT,214331.64
1056,10301,301,2026-06-18,DEPOSIT,33459.77
1057,10302,302,2026-06-07,WITHDRAWAL,514404.43
1058,10302,302,2026-06-06,DEPOSIT,544079.35
1059,10302,302,2026-06-03,DEPOSIT,313487.07
1060,10302,302,2026-06-21,DEPOSIT,441438.43
1061,10302,302,2026-06-02,WITHDRAWAL,173437.74
1062,10302,302,2026-06-02,DEPOSIT,156390.33
1063,10303,303,2026-06-18,WITHDRAWAL,32035.97
1064,10303,303,2026-06-20,WITHDRAWAL,30899.37
1065,10303,303,2026-03-11,DEPOSIT,66913.12
1066,10304,304,2025-12-17,DEPOSIT,219165.4
1067,10304,304,2026-02-02,DEPOSIT,52947.0
1068,10304,304,2026-02-04,DEPOSIT,436679.93
1069,10304,304,2026-05-30,DEPOSIT,16938.28
1070,10305,305,2026-01-18,DEPOSIT,113688.08
1071,10305,305,2026-01-07,DEPOSIT,119356.27
1072,10306,306,2025-08-09,DEPOSIT,41249.84
1073,10306,306,2025-10-14,DEPOSIT,47725.81
1074,10306,306,2025-04-12,WITHDRAWAL,172515.93
1075,10306,306,2026-04-20,DEPOSIT,175177.77
1076,10307,307,2026-03-23,DEPOSIT,73278.81
1077,10307,307,2026-06-09,DEPOSIT,51880.65
1078,10307,307,2026-01-14,WITHDRAWAL,55676.89
1079,10307,307,2025-12-29,DEPOSIT,47016.98
1080,10307,307,2026-05-09,DEPOSIT,156909.34
1081,10308,308,2026-05-22,WITHDRAWAL,315593.68
1082,10308,308,2026-03-29,DEPOSIT,225048.58
1083,10308,308,2026-03-05,DEPOSIT,133797.32
1084,10309,309,2026-06-15,WITHDRAWAL,335334.5
1085,10309,309,2026-05-10,WITHDRAWAL,157116.05
1086,10309,309,2026-06-15,WITHDRAWAL,210455.31
1087,10310,310,2025-06-08,WITHDRAWAL,149859.81
1088,10310,310,2026-06-05,WITHDRAWAL,225781.75
1089,10310,310,2025-09-27,DEPOSIT,139052.2
1090,10310,310,2026-02-09,WITHDRAWAL,224904.23
1091,10310,310,2026-04-27,DEPOSIT,162680.59
1092,10311,311,2025-06-01,DEPOSIT,151151.3
1093,10311,311,2025-09-23,WITHDRAWAL,129137.25
1094,10311,311,2026-03-25,DEPOSIT,454936.19
1095,10312,312,2026-02-24,WITHDRAWAL,64615.02
1096,10313,313,2026-02-04,WITHDRAWAL,24650.42
1097,10313,313,2025-10-27,WITHDRAWAL,72551.12
1098,10313,313,2025-08-21,DEPOSIT,253480.94
1099,10313,313,2025-12-12,DEPOSIT,59948.61
1100,10313,313,2026-05-09,WITHDRAWAL,20810.9
1101,10313,313,2025-07-02,DEPOSIT,65748.0
1102,10314,314,2025-11-19,DEPOSIT,90617.0
1103,10314,314,2026-02-04,WITHDRAWAL,247893.18
1104,10314,314,2026-03-08,DEPOSIT,448627.87
1105,10314,314,2025-10-03,WITHDRAWAL,277901.54
1106,10314,314,2025-11-26,WITHDRAWAL,289328.2
1107,10315,315,2026-03-01,DEPOSIT,24692.81
1108,10315,315,2026-01-18,DEPOSIT,152952.08
1109,10315,315,2026-01-11,WITHDRAWAL,20621.29
1110,10315,315,2025-11-22,WITHDRAWAL,87990.76
1111,10315,315,2026-01-31,DEPOSIT,8499.88
1112,10316,316,2025-11-17,DEPOSIT,47568.11
1113,10317,317,2026-03-23,DEPOSIT,15580.81
1114,10317,317,2025-07-28,DEPOSIT,53785.95
1115,10317,317,2025-09-23,WITHDRAWAL,22613.4
1116,10317,317,2025-09-16,DEPOSIT,52083.95
1117,10317,317,2026-02-18,WITHDRAWAL,35540.65
1118,10317,317,2025-11-16,DEPOSIT,21843.6
1119,10318,318,2026-02-01,DEPOSIT,23575.69
1120,10318,318,2026-06-09,DEPOSIT,56442.83
1121,10318,318,2026-01-27,WITHDRAWAL,53463.85
1122,10318,318,2026-03-22,DEPOSIT,61434.6
1123,10319,319,2026-03-27,WITHDRAWAL,578796.39
1124,10319,319,2025-10-13,DEPOSIT,614828.51
1125,10319,319,2025-12-02,DEPOSIT,1321523.97
1126,10319,319,2026-05-09,WITHDRAWAL,1474449.2
1127,10319,319,2025-08-19,WITHDRAWAL,3544286.98
1128,10320,320,2026-06-20,DEPOSIT,23761.9
1129,10320,320,2026-03-08,DEPOSIT,39862.31
1130,99999,9999,2026-06-09,DEPOSIT,950000.0
