trade_id,client_id,trade_date,instrument_id,trade_amount,commission,operation_type
1,1,2026-06-13,3,145978.5,262.76,SELL
2,1,2025-07-31,9,68041.76,54.43,BUY
3,1,2025-05-12,3,277231.88,332.68,BUY
4,1,2025-10-16,8,434604.32,347.68,SELL
5,1,2025-10-27,12,452135.96,361.71,SELL
6,1,2026-03-10,9,1136944.07,2046.5,BUY
7,1,2025-11-24,2,133005.86,159.61,BUY
8,1,2025-10-11,6,276452.78,331.74,BUY
9,1,2026-01-29,9,777482.18,1943.71,BUY
10,1,2025-10-15,6,530905.38,955.63,BUY
11,1,2025-08-24,7,466029.92,372.82,BUY
12,1,2025-08-17,7,459107.15,367.29,BUY
13,1,2025-05-19,3,236269.77,283.52,SELL
14,1,2026-01-05,7,317911.61,254.33,SELL
15,1,2026-03-08,9,1013376.31,1824.08,BUY
16,1,2025-11-08,3,2396952.46,2876.34,SELL
17,1,2025-09-07,7,929620.91,1115.55,SELL
18,1,2025-06-08,2,497986.49,1244.97,BUY
19,1,2025-08-01,4,288930.97,346.72,SELL
20,1,2026-06-15,11,68224.13,81.87,BUY
21,1,2025-06-14,5,392187.49,313.75,BUY
22,1,2025-08-21,5,237806.89,428.05,SELL
23,1,2025-11-27,9,234585.14,281.5,BUY
24,1,2026-06-03,8,687078.18,1717.7,BUY
25,2,2026-06-10,3,149828.65,269.69,BUY
26,2,2026-06-03,7,58812.98,70.58,SELL
27,2,2026-04-11,9,56008.79,67.21,BUY
28,2,2026-03-26,9,34226.17,61.61,BUY
29,3,2026-01-27,6,116775.24,140.13,BUY
30,3,2026-02-07,8,562899.07,1407.25,SELL
31,3,2026-01-22,12,279880.5,335.86,BUY
32,4,2026-04-07,6,2431659.96,2917.99,BUY
33,4,2026-05-28,3,1588117.41,1905.74,SELL
34,4,2025-11-25,4,340883.35,409.06,BUY
35,4,2026-04-08,9,404243.7,485.09,SELL
36,4,2026-06-08,5,721573.31,865.89,BUY
37,4,2025-12-11,2,1361967.29,1634.36,BUY
38,4,2025-12-13,1,322757.3,387.31,SELL
39,4,2025-11-20,8,1499667.61,1799.6,BUY
40,4,2026-04-28,11,400568.2,320.45,SELL
41,4,2026-02-18,11,651443.01,781.73,SELL
42,4,2026-05-18,4,1419967.06,1703.96,BUY
43,4,2026-01-23,4,1520425.25,1824.51,BUY
44,4,2025-12-17,1,1823285.23,3281.91,SELL
45,4,2025-12-17,11,1628199.35,1953.84,BUY
46,4,2026-03-23,7,228658.93,182.93,SELL
47,4,2026-01-30,1,1195299.89,1434.36,SELL
48,4,2025-12-27,6,207069.44,517.67,BUY
49,4,2026-03-14,8,1456862.75,1748.24,BUY
50,4,2026-06-09,3,688290.86,1238.92,SELL
51,4,2026-05-25,12,1019827.56,815.86,BUY
52,4,2026-02-01,9,255687.42,204.55,BUY
53,5,2026-04-20,12,92972.93,74.38,BUY
54,5,2026-06-18,8,1225945.44,1471.13,SELL
55,5,2026-03-05,4,459984.6,551.98,SELL
56,6,2025-10-13,5,1913820.91,2296.59,BUY
57,6,2026-03-05,3,710770.65,568.62,BUY
58,6,2026-01-09,7,2460976.48,4429.76,BUY
59,6,2025-12-15,10,2155237.95,1724.19,BUY
60,6,2026-05-09,10,1261223.04,1513.47,BUY
61,6,2025-11-26,11,788837.05,631.07,SELL
62,6,2025-10-31,2,1248255.25,998.6,BUY
63,6,2025-11-19,8,2177601.25,3919.68,BUY
64,6,2026-01-12,6,933102.92,746.48,BUY
65,6,2025-10-30,3,1242148.23,993.72,SELL
66,6,2026-03-10,9,1151548.71,1381.86,BUY
67,6,2026-05-31,7,4538998.79,8170.2,BUY
68,6,2026-01-31,4,551145.45,992.06,BUY
69,6,2025-12-15,7,580373.4,1044.67,SELL
70,6,2026-05-06,3,1155509.76,2079.92,SELL
71,6,2026-05-01,11,1316487.4,2369.68,SELL
72,6,2026-04-05,10,2401964.53,2882.36,BUY
73,6,2025-11-14,9,435516.72,783.93,BUY
74,6,2025-12-19,8,389080.35,466.9,BUY
75,6,2026-04-16,5,617296.66,493.84,BUY
76,8,2025-11-08,6,527381.93,1318.45,SELL
77,8,2026-02-21,12,320054.98,384.07,SELL
78,8,2025-12-18,3,97893.81,117.47,SELL
79,8,2026-03-15,5,63605.96,76.33,SELL
80,8,2025-08-09,11,207976.92,374.36,SELL
81,8,2025-09-13,7,217093.66,390.77,SELL
82,8,2026-03-13,8,413897.71,331.12,BUY
83,8,2025-11-30,11,101457.13,81.17,SELL
84,8,2026-01-23,7,416305.12,499.57,BUY
85,8,2025-10-14,7,36945.39,44.33,SELL
86,9,2025-04-13,1,67684.28,169.21,SELL
87,9,2026-01-08,7,413724.97,744.7,BUY
88,9,2025-10-20,3,32171.42,38.61,BUY
89,9,2025-09-25,2,127390.27,229.3,SELL
90,9,2025-05-16,7,77182.35,92.62,SELL
91,9,2026-05-19,9,287801.08,345.36,BUY
92,9,2026-01-31,3,705442.83,846.53,SELL
93,9,2025-07-22,7,106712.53,128.06,SELL
94,9,2025-05-28,4,116322.68,209.38,BUY
95,9,2025-09-09,8,76838.97,92.21,SELL
96,9,2025-05-16,2,273810.3,219.05,SELL
97,10,2026-06-11,3,467782.01,842.01,SELL
98,10,2026-06-19,1,741459.52,889.75,BUY
99,10,2026-06-18,10,125176.11,150.21,BUY
100,10,2026-06-13,9,645930.82,516.74,SELL
101,10,2026-06-11,4,143882.51,172.66,BUY
102,10,2026-06-04,3,21622.88,38.92,SELL
103,10,2026-06-15,8,69250.4,83.1,SELL
104,10,2026-06-15,2,72147.45,86.58,SELL
105,10,2026-06-04,5,156420.34,187.7,BUY
106,10,2026-06-14,3,276687.95,498.04,SELL
107,10,2026-06-05,9,574974.55,459.98,SELL
108,11,2025-02-06,6,35833.85,64.5,BUY
109,12,2025-10-08,8,255950.45,307.14,BUY
110,12,2025-12-09,3,349912.38,419.89,BUY
111,12,2025-08-03,7,138345.31,110.68,SELL
112,12,2025-06-17,8,214942.25,257.93,BUY
113,13,2026-03-22,11,32084.16,38.5,SELL
114,13,2026-05-30,10,221656.55,265.99,SELL
115,14,2026-06-19,7,34765.14,86.91,BUY
116,14,2026-03-26,6,104779.01,83.82,BUY
117,14,2025-09-06,7,206288.03,247.55,SELL
118,14,2025-10-07,7,174262.86,209.12,BUY
119,15,2025-08-11,8,53290.53,95.92,BUY
120,15,2025-09-20,11,43248.08,77.85,BUY
121,15,2026-04-09,1,42511.47,34.01,SELL
122,15,2025-09-16,10,70742.06,56.59,SELL
123,16,2025-12-28,9,45124.42,81.22,SELL
124,16,2026-05-17,4,395318.41,474.38,BUY
125,16,2026-01-25,7,53352.18,42.68,BUY
126,16,2026-04-13,9,20774.39,16.62,BUY
127,16,2026-01-28,3,46590.81,83.86,BUY
128,16,2026-01-24,6,41790.23,50.15,SELL
129,16,2026-06-04,7,31274.86,78.19,BUY
130,17,2025-03-30,12,89545.35,107.45,SELL
131,17,2026-02-13,5,147224.8,368.06,BUY
132,17,2025-06-24,11,20420.86,24.51,BUY
133,17,2026-03-10,8,35759.2,42.91,SELL
134,18,2025-08-14,2,93157.98,111.79,BUY
135,18,2025-12-14,3,120787.54,96.63,BUY
136,18,2025-10-15,3,61121.7,48.9,SELL
137,18,2025-10-01,3,35193.29,42.23,BUY
138,19,2026-05-02,5,225831.64,406.5,SELL
139,19,2026-03-23,5,750654.72,900.79,BUY
140,19,2025-11-15,8,1871678.18,3369.02,SELL
141,19,2025-11-26,1,1852302.21,2222.76,BUY
142,19,2025-05-21,4,427135.54,341.71,SELL
143,19,2026-01-21,2,759985.95,911.98,SELL
144,19,2026-01-25,7,752003.17,902.4,BUY
145,19,2026-06-02,3,447443.56,536.93,BUY
146,19,2026-03-01,7,377319.18,452.78,BUY
147,19,2026-05-07,9,971366.58,777.09,BUY
148,19,2026-04-06,4,1625633.75,1300.51,BUY
149,19,2025-07-01,4,967023.51,2417.56,SELL
150,19,2025-08-26,3,336639.32,403.97,BUY
151,19,2026-03-31,5,411852.78,329.48,BUY
152,19,2025-07-04,7,1152743.96,2074.94,BUY
153,19,2026-02-24,8,1452490.05,1161.99,BUY
154,19,2025-09-06,8,427829.56,342.26,SELL
155,19,2025-06-08,1,1834213.86,2201.06,SELL
156,19,2025-12-09,9,1312278.73,1049.82,SELL
157,19,2026-03-21,4,859833.39,687.87,SELL
158,19,2025-09-14,5,1227617.35,982.09,BUY
159,19,2026-02-09,1,7546749.28,6037.4,SELL
160,19,2025-09-27,1,481592.05,385.27,SELL
161,19,2025-07-10,2,1657512.7,1989.02,BUY
162,19,2025-04-09,11,648663.58,518.93,BUY
163,19,2026-04-12,5,1031329.12,2578.32,SELL
164,19,2025-11-16,6,984274.8,787.42,BUY
165,19,2025-09-30,11,945650.77,756.52,SELL
166,19,2026-01-30,9,1480237.21,3700.59,SELL
167,19,2025-10-29,9,921950.17,1106.34,SELL
168,19,2026-03-27,10,858347.98,1030.02,SELL
169,19,2026-04-08,6,749627.56,599.7,SELL
170,19,2025-03-10,6,170801.14,204.96,SELL
171,19,2025-12-10,2,1317996.1,1054.4,BUY
172,20,2026-01-01,12,43141.38,51.77,BUY
173,20,2025-12-19,5,30995.72,24.8,BUY
174,20,2025-11-19,4,9466.58,7.57,SELL
175,20,2026-04-16,3,47255.17,118.14,BUY
176,21,2025-12-31,8,76120.16,137.02,SELL
177,21,2026-02-13,7,206542.99,247.85,BUY
178,21,2025-07-26,1,108899.78,87.12,BUY
179,21,2025-06-11,2,95510.74,171.92,SELL
180,21,2026-02-22,1,150139.47,180.17,BUY
181,21,2025-06-02,6,180469.43,144.38,SELL
182,21,2025-06-27,7,76328.73,91.59,SELL
183,21,2026-06-08,4,1277179.51,1021.74,SELL
184,21,2026-02-28,7,157235.59,188.68,BUY
185,21,2025-11-11,1,528386.66,951.1,BUY
186,22,2026-02-13,9,149211.17,179.05,SELL
187,22,2026-04-19,11,160990.11,402.48,SELL
188,22,2026-03-24,4,42580.96,51.1,BUY
189,22,2026-05-27,2,159017.91,190.82,BUY
190,22,2026-01-03,8,48314.43,38.65,BUY
191,22,2026-06-17,9,112311.93,89.85,SELL
192,22,2026-04-14,5,87013.47,156.62,SELL
193,22,2026-05-18,1,110782.29,88.63,SELL
194,23,2026-04-30,9,18753.58,15.0,BUY
195,23,2026-06-14,8,29771.41,23.82,SELL
196,23,2026-03-24,10,89513.68,107.42,BUY
197,23,2026-04-14,11,34827.51,41.79,SELL
198,23,2026-06-21,1,102008.54,183.62,BUY
199,24,2026-03-22,9,7185.62,12.93,SELL
200,25,2026-02-03,8,2422473.15,4360.45,SELL
201,25,2026-02-02,7,2067199.77,1653.76,BUY
202,25,2026-01-11,6,280679.91,224.54,SELL
203,25,2025-10-27,9,862119.96,689.7,SELL
204,25,2025-06-18,1,3071835.71,3686.2,BUY
205,27,2026-02-05,8,40664.13,48.8,SELL
206,28,2025-11-19,4,293867.49,352.64,SELL
207,28,2026-03-05,7,670545.63,804.65,SELL
208,28,2026-02-08,1,121061.73,145.27,SELL
209,28,2026-05-27,6,342434.99,616.38,SELL
210,28,2026-06-01,1,270737.19,324.88,BUY
211,28,2026-06-02,10,878357.87,1054.03,BUY
212,28,2026-01-21,3,195447.38,351.81,BUY
213,28,2026-01-02,3,411935.69,1029.84,SELL
214,28,2026-04-17,2,506480.84,405.18,BUY
215,28,2025-12-18,8,139435.09,167.32,BUY
216,29,2026-04-08,2,221008.86,397.82,SELL
217,29,2026-02-06,5,53368.08,96.06,BUY
218,29,2026-03-08,9,20600.53,16.48,SELL
219,29,2025-12-28,1,33757.97,27.01,SELL
220,29,2026-06-14,10,104512.22,188.12,SELL
221,29,2026-04-18,6,57976.96,104.36,BUY
222,30,2026-01-28,4,144077.59,172.89,SELL
223,30,2025-12-13,3,121082.51,217.95,SELL
224,31,2025-06-27,7,60156.54,72.19,SELL
225,31,2025-07-05,5,50178.8,40.14,SELL
226,31,2026-01-17,9,87771.99,157.99,SELL
227,32,2025-12-19,4,74737.53,134.53,BUY
228,32,2026-05-31,11,112184.37,134.62,BUY
229,32,2025-08-04,1,174084.45,208.9,BUY
230,32,2025-11-13,7,75719.81,136.3,SELL
231,32,2026-03-14,3,86525.33,103.83,BUY
232,34,2026-04-25,2,534429.02,641.31,BUY
233,34,2025-10-06,7,1201754.09,2163.16,BUY
234,34,2025-07-29,7,102871.8,82.3,BUY
235,34,2025-12-04,7,646099.68,775.32,BUY
236,34,2026-05-12,7,170184.23,204.22,BUY
237,34,2026-01-31,7,60390.05,72.47,BUY
238,34,2025-09-30,11,165662.87,198.8,BUY
239,34,2025-09-20,8,69094.79,82.91,SELL
240,34,2026-03-26,8,160781.65,192.94,BUY
241,34,2026-04-26,1,193600.57,348.48,SELL
242,34,2026-03-31,7,55200.24,66.24,SELL
243,34,2026-04-03,1,165414.35,132.33,BUY
244,34,2025-10-24,4,51950.39,93.51,BUY
245,34,2025-12-25,10,61754.47,74.11,SELL
246,35,2026-04-26,1,61859.39,111.35,BUY
247,35,2026-05-18,1,254377.37,203.5,BUY
248,36,2025-12-03,1,481631.64,577.96,BUY
249,36,2025-09-15,4,66311.29,53.05,BUY
250,36,2026-02-15,2,175795.22,316.43,BUY
251,36,2026-05-09,3,809206.94,971.05,BUY
252,36,2026-05-20,9,129582.49,103.67,SELL
253,36,2025-08-18,11,252662.42,303.19,BUY
254,37,2026-05-12,2,77887.54,62.31,BUY
255,37,2026-05-17,5,44204.47,53.05,SELL
256,37,2026-05-19,5,191176.18,477.94,SELL
257,37,2026-05-04,7,154468.23,185.36,SELL
258,37,2026-06-02,9,23559.46,28.27,BUY
259,37,2026-04-05,5,145813.46,174.98,SELL
260,37,2026-04-30,12,134749.35,161.7,SELL
261,38,2026-06-18,8,44393.33,35.51,BUY
262,38,2026-05-12,7,80374.74,64.3,SELL
263,38,2026-06-13,4,92299.46,166.14,SELL
264,38,2026-05-28,8,120336.82,96.27,SELL
265,38,2026-05-08,8,211383.69,528.46,SELL
266,38,2026-05-23,11,29521.36,53.14,SELL
267,39,2026-06-10,9,116793.7,140.15,SELL
268,39,2026-06-18,11,129114.34,154.94,BUY
269,39,2026-05-26,5,38247.24,68.85,BUY
270,39,2026-05-28,4,50643.05,40.51,BUY
271,39,2026-06-03,9,29740.83,23.79,SELL
272,39,2026-05-20,5,173289.37,138.63,SELL
273,41,2026-03-20,8,232258.65,185.81,SELL
274,41,2025-12-09,8,18637.98,33.55,SELL
275,41,2026-02-22,10,67933.03,122.28,BUY
276,43,2026-06-14,2,80441.96,201.1,SELL
277,43,2025-10-24,3,260033.69,208.03,SELL
278,44,2026-04-18,9,638166.14,1148.7,SELL
279,44,2026-04-17,1,518146.37,621.78,BUY
280,44,2025-11-18,6,161265.27,290.28,SELL
281,44,2026-03-23,4,78471.22,141.25,BUY
282,44,2025-12-02,11,103984.92,83.19,BUY
283,45,2026-05-09,5,208963.9,250.76,SELL
284,45,2026-05-19,9,91681.79,110.02,SELL
285,45,2026-05-09,8,216781.88,173.43,SELL
286,45,2026-05-05,11,53006.78,63.61,BUY
287,46,2025-11-25,5,134579.92,107.66,SELL
288,46,2026-01-04,3,256225.44,307.47,BUY
289,46,2026-05-18,2,38109.36,45.73,SELL
290,46,2025-08-19,12,40780.58,73.41,SELL
291,46,2025-04-01,1,117299.18,211.14,SELL
292,47,2025-10-02,1,600192.66,720.23,SELL
293,47,2026-04-04,9,1677790.2,2013.35,SELL
294,47,2025-10-02,5,1548154.26,2786.68,SELL
295,47,2025-12-20,10,1165073.44,932.06,BUY
296,47,2026-04-06,3,1142704.1,2056.87,SELL
297,47,2025-11-04,4,288487.73,346.19,BUY
298,47,2026-03-05,4,1121112.72,896.89,BUY
299,47,2026-01-26,7,279194.81,502.55,SELL
300,47,2026-04-19,2,505592.67,606.71,SELL
301,47,2025-11-14,8,675386.41,540.31,BUY
302,47,2026-06-06,9,179090.96,322.36,BUY
303,47,2025-10-27,1,1474221.14,1769.07,BUY
304,47,2025-11-09,7,1499604.67,1199.68,SELL
305,47,2026-06-21,7,334064.59,400.88,BUY
306,47,2025-08-04,4,475912.51,380.73,SELL
307,47,2026-05-16,5,2381970.08,4287.55,SELL
308,47,2026-05-14,2,520776.3,937.4,BUY
309,47,2026-05-27,3,597909.05,478.33,BUY
310,47,2025-08-28,6,565569.42,1018.02,SELL
311,47,2026-05-14,3,1740374.31,1392.3,SELL
312,47,2025-07-18,5,507163.69,608.6,SELL
313,47,2025-09-10,2,326326.34,391.59,BUY
314,47,2026-01-10,3,1165340.59,1398.41,SELL
315,47,2026-06-01,6,523680.87,418.94,SELL
316,47,2025-11-23,11,2220612.9,2664.74,SELL
317,47,2026-06-06,2,1840377.93,3312.68,BUY
318,47,2026-01-09,3,1883068.73,2259.68,BUY
319,47,2025-10-16,9,251023.77,451.84,BUY
320,47,2025-08-13,9,873310.59,1571.96,SELL
321,48,2025-08-23,9,11247.05,9.0,SELL
322,48,2025-11-16,9,15767.42,18.92,SELL
323,48,2025-07-15,4,54337.74,65.21,SELL
324,48,2026-02-04,7,119196.96,297.99,BUY
325,49,2025-07-30,3,46314.14,55.58,BUY
326,49,2026-02-15,7,32470.1,58.45,BUY
327,49,2025-08-05,5,37630.81,30.1,SELL
328,49,2025-07-30,3,53644.85,134.11,BUY
329,49,2025-10-12,8,45639.43,82.15,SELL
330,49,2025-01-31,2,53367.14,42.69,SELL
331,49,2026-05-12,6,422012.58,759.62,SELL
332,49,2025-11-25,11,113635.9,90.91,BUY
333,50,2026-06-06,3,90814.95,163.47,SELL
334,50,2026-04-23,9,53026.68,42.42,BUY
335,50,2026-03-20,1,251087.42,301.3,BUY
336,52,2026-02-24,2,1262616.66,1010.09,SELL
337,52,2026-06-15,9,193891.08,155.11,BUY
338,52,2025-06-21,10,539325.18,970.79,BUY
339,52,2025-12-07,9,183707.34,459.27,BUY
340,52,2026-03-05,3,255084.29,459.15,BUY
341,54,2026-05-04,12,220675.65,264.81,BUY
342,54,2026-05-31,8,508006.87,406.41,SELL
343,54,2025-07-06,8,735351.18,882.42,BUY
344,54,2026-02-08,3,1324176.2,1059.34,SELL
345,54,2025-07-16,2,3408960.96,2727.17,BUY
346,54,2025-11-30,6,484391.19,581.27,BUY
347,54,2026-03-24,7,216017.73,259.22,BUY
348,54,2026-06-20,2,3589681.98,2871.75,SELL
349,55,2026-05-18,7,92523.77,166.54,SELL
350,55,2026-04-25,5,85884.12,214.71,SELL
351,55,2026-06-07,4,378299.72,680.94,SELL
352,56,2026-04-08,9,333806.96,267.05,BUY
353,56,2026-02-03,6,99675.17,79.74,SELL
354,56,2026-06-13,3,632871.18,506.3,SELL
355,56,2026-03-05,7,668237.53,1670.59,BUY
356,56,2026-02-15,10,561492.11,449.19,SELL
357,58,2025-11-10,1,51702.42,62.04,SELL
358,58,2025-09-03,2,36751.99,44.1,BUY
359,58,2026-05-29,6,222672.32,267.21,BUY
360,58,2025-04-12,3,47936.79,86.29,BUY
361,59,2026-03-25,8,112368.32,134.84,SELL
362,59,2026-05-15,1,7982.66,6.39,SELL
363,59,2026-04-07,1,33795.4,60.83,SELL
364,59,2026-05-14,4,35307.31,28.25,SELL
365,59,2026-04-14,4,107486.61,193.48,SELL
366,60,2025-11-20,5,33706.74,60.67,BUY
367,60,2025-07-29,4,72062.56,180.16,SELL
368,60,2025-12-08,1,48110.49,57.73,BUY
369,60,2025-03-18,4,48388.36,87.1,BUY
370,60,2025-04-19,2,25336.02,30.4,BUY
371,61,2026-05-14,7,57000.13,68.4,BUY
372,61,2026-06-10,3,69571.4,125.23,BUY
373,61,2026-06-11,3,35471.38,42.57,BUY
374,62,2026-05-25,9,873908.45,1048.69,SELL
375,62,2026-06-01,7,738068.66,885.68,SELL
376,62,2026-06-01,4,1393994.68,3484.99,SELL
377,62,2026-06-04,6,226087.27,180.87,SELL
378,62,2026-06-03,3,292974.0,234.38,SELL
379,62,2026-06-04,2,60647.92,72.78,BUY
380,62,2026-05-27,9,621862.61,746.24,BUY
381,63,2025-12-18,5,598920.97,1078.06,SELL
382,63,2026-05-15,2,591762.06,710.11,SELL
383,63,2026-02-18,4,380733.97,304.59,BUY
384,63,2026-03-25,7,747515.36,1868.79,BUY
385,64,2026-06-14,3,38586.38,30.87,BUY
386,65,2026-06-03,5,527179.01,632.61,BUY
387,65,2025-05-30,2,711552.77,1280.79,SELL
388,65,2026-03-29,7,181816.46,218.18,BUY
389,65,2025-08-27,12,475464.99,380.37,BUY
390,65,2025-09-12,6,319408.91,255.53,SELL
391,65,2025-05-23,11,167164.11,300.9,BUY
392,65,2026-04-08,4,1327354.02,1061.88,SELL
393,65,2026-01-15,3,664081.9,1195.35,SELL
394,65,2026-06-08,9,189478.56,151.58,BUY
395,65,2026-05-02,8,144390.41,115.51,BUY
396,65,2026-04-03,10,702352.3,561.88,BUY
397,65,2026-06-18,1,1726907.72,2072.29,BUY
398,65,2025-05-13,7,552890.11,1382.23,BUY
399,65,2025-08-14,7,110376.81,275.94,SELL
400,65,2026-01-02,9,282619.22,339.14,BUY
401,66,2026-02-01,1,18893.21,22.67,BUY
402,67,2025-12-02,3,82851.5,99.42,BUY
403,68,2026-05-27,12,192814.21,154.25,SELL
404,68,2026-03-14,6,36532.04,29.23,BUY
405,68,2026-04-16,5,67965.43,169.91,SELL
406,68,2026-06-05,1,104786.23,188.62,BUY
407,68,2026-04-01,1,85658.92,68.53,BUY
408,70,2026-03-16,5,185059.71,148.05,BUY
409,70,2026-06-20,7,475002.37,570.0,SELL
410,70,2025-08-01,8,210660.59,252.79,BUY
411,70,2026-01-18,7,188359.77,150.69,SELL
412,70,2025-10-30,9,41840.47,33.47,BUY
413,70,2026-02-23,9,111852.25,134.22,SELL
414,70,2026-03-11,1,211115.91,380.01,SELL
415,70,2026-03-15,1,336306.96,269.05,BUY
416,70,2026-01-06,5,410164.55,492.2,BUY
417,70,2026-03-13,10,257148.71,462.87,BUY
418,70,2025-10-30,3,147378.73,176.85,BUY
419,70,2025-06-24,7,34783.5,27.83,BUY
420,70,2025-11-23,8,135095.37,243.17,BUY
421,71,2026-06-09,7,40131.35,32.11,SELL
422,71,2026-06-06,9,55338.61,66.41,SELL
423,72,2026-01-21,12,65572.95,78.69,BUY
424,72,2026-01-30,2,187439.59,337.39,BUY
425,72,2026-04-20,8,27638.29,49.75,SELL
426,72,2026-04-28,7,349938.0,419.93,SELL
427,72,2026-04-26,4,175411.09,140.33,SELL
428,72,2026-03-13,2,218683.2,174.95,SELL
429,72,2026-02-14,10,650833.03,1171.5,BUY
430,72,2026-01-14,1,152273.13,182.73,BUY
431,72,2026-01-14,8,477267.11,572.72,BUY
432,72,2026-01-31,8,67113.61,120.8,BUY
433,73,2026-02-19,1,97970.7,117.56,BUY
434,73,2025-06-13,2,105106.51,126.13,SELL
435,74,2026-06-21,7,43941.46,35.15,BUY
436,75,2026-05-07,11,69589.4,55.67,BUY
437,75,2026-05-31,7,35886.38,43.06,SELL
438,75,2026-04-19,2,148022.23,118.42,BUY
439,75,2026-05-14,9,41515.43,49.82,SELL
440,75,2026-05-24,11,59712.15,71.65,BUY
441,75,2026-05-01,3,61709.54,74.05,BUY
442,76,2025-04-24,2,154177.26,277.52,SELL
443,76,2026-01-25,3,131402.7,105.12,SELL
444,76,2025-12-31,7,274695.29,329.63,BUY
445,76,2025-09-11,10,178117.16,213.74,BUY
446,76,2026-01-28,3,139776.79,111.82,BUY
447,76,2025-06-06,11,163546.04,196.26,BUY
448,76,2026-03-16,4,576292.44,691.55,SELL
449,76,2025-06-18,6,175269.12,210.32,SELL
450,76,2025-05-28,7,77341.45,92.81,SELL
451,76,2026-03-28,7,53047.75,132.62,SELL
452,76,2026-01-09,9,34265.95,27.41,BUY
453,76,2026-06-06,6,166876.78,200.25,SELL
454,76,2025-07-01,4,150127.45,120.1,SELL
455,77,2026-06-17,3,73122.25,58.5,SELL
456,77,2026-06-18,1,85765.69,154.38,SELL
457,77,2026-06-21,10,115953.11,139.14,SELL
458,78,2026-04-06,3,305620.01,764.05,BUY
459,78,2026-01-15,5,241757.96,193.41,SELL
460,78,2026-03-03,1,162414.29,194.9,BUY
461,78,2025-07-19,4,41115.69,49.34,BUY
462,78,2025-08-22,4,44927.9,53.91,BUY
463,78,2025-12-13,9,80464.65,96.56,BUY
464,78,2025-10-13,4,59576.13,47.66,SELL
465,78,2025-06-03,11,163943.89,196.73,SELL
466,78,2026-04-28,2,133923.31,107.14,BUY
467,78,2025-09-02,8,178562.12,142.85,SELL
468,78,2025-11-25,8,341844.4,273.48,SELL
469,78,2026-02-11,2,138720.06,166.46,SELL
470,78,2025-11-20,9,54159.06,43.33,BUY
471,78,2026-06-07,1,262102.15,209.68,BUY
472,79,2026-03-20,7,1536908.14,2766.43,BUY
473,79,2026-03-21,4,154301.14,385.75,SELL
474,79,2026-03-26,1,327671.51,262.14,SELL
475,79,2026-06-15,3,537459.41,967.43,BUY
476,79,2026-04-06,2,2188283.37,1750.63,SELL
477,79,2026-05-30,7,601463.95,1082.64,SELL
478,79,2026-06-04,10,187595.68,468.99,SELL
479,79,2026-04-23,4,414406.88,497.29,BUY
480,79,2026-04-14,5,636692.11,1146.05,SELL
481,79,2026-03-01,1,485773.34,874.39,SELL
482,79,2026-04-10,10,600152.68,720.18,BUY
483,79,2026-03-04,7,1427747.49,2569.95,SELL
484,80,2026-04-09,8,40247.78,32.2,BUY
485,80,2026-05-21,2,26609.51,66.52,SELL
486,80,2026-05-21,7,146628.34,263.93,BUY
487,80,2026-06-10,7,57064.31,68.48,SELL
488,80,2026-03-31,1,31423.84,37.71,BUY
489,81,2025-11-22,8,311865.66,374.24,SELL
490,83,2025-12-24,4,94499.84,113.4,SELL
491,83,2026-01-23,9,218512.42,262.21,BUY
492,83,2026-02-01,1,266932.57,480.48,BUY
493,83,2026-05-24,9,197437.55,355.39,SELL
494,84,2026-06-03,5,151158.6,181.39,BUY
495,84,2026-05-17,8,32533.5,58.56,BUY
496,84,2026-06-17,3,100237.64,80.19,SELL
497,84,2026-06-15,4,16362.99,19.64,SELL
498,85,2026-05-04,1,635035.65,508.03,BUY
499,85,2025-12-22,9,74313.84,89.18,BUY
500,85,2026-04-13,12,489562.22,587.47,BUY
501,85,2026-03-08,2,429172.71,772.51,BUY
502,85,2026-06-03,4,779994.08,935.99,SELL
503,85,2025-12-29,5,381501.46,686.7,SELL
504,85,2026-01-18,5,322957.87,581.32,BUY
505,85,2026-02-18,1,838711.81,1509.68,SELL
506,85,2026-02-24,9,430136.21,344.11,SELL
507,85,2026-01-17,3,280990.03,337.19,SELL
508,85,2025-12-31,4,622837.69,498.27,SELL
509,85,2026-04-06,5,874255.88,1049.11,SELL
510,85,2026-01-09,7,402965.21,725.34,SELL
511,85,2026-05-15,6,355255.04,284.2,SELL
512,86,2025-09-07,8,563736.51,676.48,BUY
513,86,2025-09-28,12,130360.08,156.43,BUY
514,87,2026-02-25,1,22096.27,26.52,SELL
515,87,2026-03-17,9,32470.91,58.45,SELL
516,89,2026-04-23,10,63575.89,114.44,SELL
517,89,2026-04-17,1,65344.35,117.62,BUY
518,89,2026-06-18,8,41870.42,50.24,BUY
519,89,2026-05-05,1,27679.37,49.82,BUY
520,90,2026-02-01,1,195694.38,489.24,BUY
521,90,2026-01-07,10,62565.28,112.62,SELL
522,91,2026-01-03,8,67743.3,54.19,SELL
523,91,2026-03-25,8,539220.11,647.06,BUY
524,91,2026-03-18,2,209400.02,251.28,BUY
525,91,2026-06-21,1,410759.08,492.91,SELL
526,91,2026-02-09,4,114624.96,91.7,SELL
527,91,2026-05-02,5,56211.01,67.45,BUY
528,92,2026-05-19,10,70183.15,84.22,SELL
529,92,2025-12-26,4,27124.74,67.81,SELL
530,92,2026-04-06,9,86171.61,68.94,SELL
531,92,2026-05-30,4,181326.82,145.06,BUY
532,92,2026-05-31,12,65331.28,78.4,BUY
533,92,2026-01-12,9,8184.84,20.46,BUY
534,93,2026-05-30,5,65420.74,78.5,SELL
535,93,2025-03-11,1,247756.72,297.31,BUY
536,93,2026-06-16,7,166745.89,300.14,SELL
537,93,2025-03-06,5,328234.79,393.88,SELL
538,93,2025-08-08,5,62720.67,112.9,BUY
539,93,2025-07-16,9,426978.75,341.58,BUY
540,93,2025-03-09,4,223362.17,268.03,SELL
541,93,2026-02-27,7,371938.27,297.55,BUY
542,93,2026-05-15,10,109854.49,131.83,SELL
543,93,2026-01-25,4,135324.27,108.26,BUY
544,94,2025-11-17,10,73685.1,58.95,SELL
545,94,2026-03-22,9,231921.34,417.46,SELL
546,94,2025-12-20,8,28135.73,50.64,SELL
547,94,2026-06-13,1,41858.8,104.65,BUY
548,95,2025-12-06,3,160537.59,192.65,BUY
549,95,2025-10-03,1,13768.05,24.78,BUY
550,95,2025-10-18,9,43622.85,109.06,SELL
551,95,2026-01-09,9,136178.41,108.94,SELL
552,95,2026-03-18,3,62164.9,49.73,BUY
553,95,2026-03-12,10,135681.85,108.55,SELL
554,95,2025-10-03,2,92830.29,74.26,SELL
555,96,2026-02-25,1,17086.37,20.5,SELL
556,96,2026-04-02,5,115441.57,138.53,SELL
557,96,2025-10-20,2,8833.03,22.08,BUY
558,96,2026-02-22,3,43444.49,78.2,BUY
559,97,2025-09-06,6,40232.57,48.28,BUY
560,98,2025-08-18,11,63134.46,113.64,BUY
561,98,2025-12-11,3,369796.88,295.84,SELL
562,99,2026-04-22,8,42871.63,77.17,BUY
563,99,2026-05-28,9,58587.02,70.3,BUY
564,99,2026-06-10,10,70295.31,84.35,SELL
565,100,2026-05-03,1,156990.22,188.39,BUY
566,101,2025-11-13,2,41759.66,75.17,SELL
567,101,2026-03-04,12,103651.56,186.57,SELL
568,101,2026-06-13,3,122013.03,97.61,BUY
569,101,2026-02-26,5,65556.18,52.44,SELL
570,102,2025-12-13,1,478684.44,574.42,SELL
571,102,2026-03-09,5,236804.06,189.44,BUY
572,102,2026-06-05,3,2117481.95,2540.98,SELL
573,103,2026-05-08,7,188298.84,225.96,BUY
574,103,2026-04-21,6,146909.88,176.29,BUY
575,103,2026-06-17,4,227208.15,568.02,BUY
576,103,2026-04-23,10,131036.74,157.24,SELL
577,103,2026-04-19,5,43508.67,52.21,BUY
578,103,2026-05-11,4,39195.33,31.36,SELL
579,103,2026-06-10,4,505973.0,607.17,BUY
580,103,2026-05-10,9,236990.65,426.58,BUY
581,103,2026-05-30,7,72093.55,57.67,BUY
582,103,2026-05-05,3,85150.77,153.27,BUY
583,103,2026-06-07,10,114666.8,206.4,SELL
584,104,2026-02-21,4,75131.91,60.11,BUY
585,104,2026-06-01,12,18120.38,14.5,BUY
586,104,2026-04-12,4,137564.96,343.91,BUY
587,104,2026-06-11,9,122161.71,219.89,BUY
588,104,2026-03-23,4,68024.2,81.63,SELL
589,105,2026-06-21,3,52395.43,94.31,BUY
590,105,2026-06-19,4,25339.64,20.27,BUY
591,105,2026-06-20,4,71537.05,178.84,BUY
592,105,2026-06-20,4,62617.36,75.14,BUY
593,105,2026-06-19,5,107069.38,128.48,BUY
594,105,2026-06-16,4,47618.5,38.09,BUY
595,105,2026-06-16,7,12044.54,14.45,BUY
596,105,2026-06-21,10,345551.26,621.99,BUY
597,105,2026-06-18,5,84460.12,67.57,BUY
598,108,2026-04-18,7,1655761.17,2980.37,BUY
599,108,2026-05-30,9,191442.24,229.73,BUY
600,108,2026-06-15,10,953454.72,762.76,BUY
601,108,2026-04-27,4,651608.73,1172.9,SELL
602,108,2026-06-05,9,176210.21,140.97,SELL
603,108,2026-06-15,12,1202212.54,1442.66,SELL
604,108,2026-04-19,5,719176.05,575.34,SELL
605,108,2026-06-04,7,762051.98,609.64,SELL
606,108,2026-04-30,9,147031.44,117.63,BUY
607,109,2026-06-21,6,68589.14,54.87,BUY
608,109,2026-06-15,7,101654.65,121.99,SELL
609,109,2026-06-16,1,27021.93,32.43,BUY
610,109,2026-06-17,11,116613.23,93.29,BUY
611,109,2026-06-20,1,65456.64,78.55,SELL
612,109,2026-06-20,3,33407.11,26.73,BUY
613,109,2026-06-15,1,82631.1,66.1,SELL
614,110,2026-04-21,7,767321.14,1381.18,SELL
615,110,2026-03-01,9,974777.17,779.82,BUY
616,110,2026-01-01,2,187103.09,224.52,SELL
617,110,2026-03-26,6,732066.95,1317.72,BUY
618,110,2025-09-28,5,517370.47,620.84,SELL
619,110,2025-12-18,1,329125.31,263.3,SELL
620,110,2026-05-13,2,517646.9,621.18,BUY
621,110,2026-01-11,3,261516.02,470.73,BUY
622,110,2026-03-28,10,667853.68,801.42,SELL
623,110,2026-02-23,8,698792.36,1746.98,BUY
624,110,2026-03-13,1,1177193.82,1412.63,BUY
625,110,2026-04-10,4,256414.74,205.13,BUY
626,110,2025-11-30,10,328419.89,591.16,BUY
627,110,2025-10-28,1,228675.32,182.94,SELL
628,110,2025-09-12,4,110237.26,132.28,SELL
629,111,2026-05-02,4,174298.85,209.16,SELL
630,111,2026-03-05,9,314359.25,251.49,BUY
631,111,2026-04-09,9,213349.68,384.03,SELL
632,111,2026-06-20,12,131347.04,236.42,BUY
633,111,2026-04-26,8,255945.06,460.7,BUY
634,111,2026-04-07,5,252554.58,303.07,BUY
635,111,2026-05-06,8,264257.2,475.66,SELL
636,111,2026-06-04,4,32572.25,58.63,SELL
637,112,2026-04-09,8,51675.22,93.02,SELL
638,112,2026-05-29,6,24328.56,19.46,BUY
639,112,2026-05-02,8,33346.67,26.68,BUY
640,112,2026-05-25,8,38233.54,30.59,BUY
641,112,2026-04-18,7,18843.17,22.61,BUY
642,112,2026-04-01,6,54264.54,97.68,BUY
643,112,2026-05-03,12,101913.62,122.3,BUY
644,112,2026-04-12,11,40978.4,32.78,BUY
645,113,2026-05-26,10,89024.28,71.22,SELL
646,113,2025-07-08,4,61424.41,49.14,BUY
647,113,2026-05-25,4,56235.95,44.99,BUY
648,113,2026-01-20,5,21237.96,25.49,SELL
649,113,2025-09-28,8,55637.16,100.15,SELL
650,113,2026-06-11,2,28631.55,51.54,SELL
651,114,2026-01-04,9,125686.6,150.82,SELL
652,114,2025-12-21,7,123989.66,223.18,BUY
653,114,2025-11-07,5,118372.04,213.07,BUY
654,114,2026-02-26,3,147686.7,177.22,BUY
655,114,2026-01-20,2,83316.86,208.29,BUY
656,114,2026-03-31,3,382499.85,459.0,BUY
657,114,2026-05-29,7,154844.17,123.88,BUY
658,114,2025-12-29,7,237867.02,285.44,BUY
659,114,2025-11-17,6,85219.52,102.26,SELL
660,114,2025-11-08,1,131885.18,158.26,SELL
661,114,2025-11-13,4,63457.36,50.77,BUY
662,114,2025-12-25,1,151287.4,272.32,BUY
663,114,2025-12-13,8,94214.91,113.06,BUY
664,114,2026-05-10,6,101176.69,121.41,SELL
665,115,2025-05-08,4,235620.58,188.5,BUY
666,115,2026-01-06,9,51964.88,62.36,SELL
667,115,2026-02-11,3,45562.48,54.67,SELL
668,115,2025-02-13,1,48676.82,87.62,BUY
669,116,2026-02-05,8,139712.8,251.48,BUY
670,116,2026-04-01,7,222451.31,400.41,BUY
671,116,2026-01-26,1,44410.87,53.29,BUY
672,116,2026-02-06,7,71356.23,85.63,BUY
673,116,2026-06-21,5,132520.69,238.54,SELL
674,116,2026-05-25,9,24848.66,44.73,SELL
675,116,2026-02-27,5,15196.62,18.24,BUY
676,118,2025-07-12,12,89437.51,71.55,BUY
677,118,2025-03-09,5,82472.52,98.97,SELL
678,118,2025-08-23,3,79411.19,95.29,BUY
679,118,2025-03-01,6,91068.7,109.28,SELL
680,118,2025-04-15,1,40716.71,73.29,BUY
681,118,2025-09-15,1,106047.37,127.26,SELL
682,118,2025-05-23,9,169480.16,305.06,SELL
683,118,2026-03-13,12,192066.75,230.48,BUY
684,118,2025-10-30,11,18834.1,22.6,SELL
685,118,2025-03-14,9,146573.03,175.89,SELL
686,118,2025-09-18,7,122710.19,147.25,SELL
687,118,2025-11-19,4,28401.47,22.72,SELL
688,118,2025-07-11,4,142710.14,356.78,SELL
689,119,2025-11-12,4,53757.95,64.51,BUY
690,119,2026-02-20,5,6929.69,8.32,BUY
691,119,2026-02-08,7,18822.79,47.06,SELL
692,119,2025-10-28,5,21092.94,37.97,SELL
693,120,2025-09-16,8,16804.75,20.17,BUY
694,120,2026-01-14,1,78492.79,94.19,SELL
695,120,2026-03-23,1,43756.91,78.76,BUY
696,120,2025-10-14,3,41446.37,33.16,SELL
697,121,2026-05-15,9,65269.73,52.22,SELL
698,121,2026-04-28,3,100600.97,80.48,BUY
699,121,2026-05-02,8,76895.32,92.27,BUY
700,121,2026-05-23,8,21859.86,26.23,SELL
701,122,2026-04-30,1,54251.3,43.4,BUY
702,122,2026-05-19,8,74017.58,88.82,SELL
703,122,2026-06-16,2,94093.01,112.91,BUY
704,122,2026-04-28,7,91559.66,109.87,SELL
705,123,2026-05-31,7,54280.92,97.71,BUY
706,123,2026-05-13,10,49925.39,59.91,SELL
707,124,2026-04-11,8,149261.79,119.41,BUY
708,124,2026-03-16,1,37205.84,29.76,BUY
709,124,2026-05-16,7,128691.81,154.43,SELL
710,124,2026-04-02,7,181781.55,218.14,BUY
711,125,2026-04-26,5,137767.04,110.21,BUY
712,125,2026-05-23,9,296528.43,741.32,BUY
713,125,2026-06-05,9,52108.2,62.53,SELL
714,125,2026-05-27,11,309173.71,371.01,BUY
715,125,2026-05-19,9,135964.0,244.74,SELL
716,125,2026-04-18,1,533229.16,959.81,BUY
717,125,2026-05-15,11,393590.77,472.31,BUY
718,125,2026-05-24,3,217780.66,261.34,SELL
719,125,2026-05-06,12,406902.53,732.42,BUY
720,125,2026-04-17,5,124822.73,149.79,BUY
721,126,2026-05-29,9,436964.44,786.54,SELL
722,126,2026-04-23,2,377333.67,679.2,BUY
723,126,2025-11-14,5,279645.94,335.58,BUY
724,126,2025-11-19,5,263453.48,474.22,BUY
725,126,2026-05-05,5,519502.08,623.4,SELL
726,126,2025-12-05,1,173842.22,208.61,SELL
727,126,2025-09-18,1,89828.96,71.86,BUY
728,126,2025-08-31,1,446000.35,535.2,SELL
729,126,2025-07-12,7,692887.33,831.46,SELL
730,126,2026-01-31,3,2031109.07,2437.33,SELL
731,126,2026-05-05,7,195064.08,234.08,SELL
732,126,2025-08-04,7,328471.31,262.78,SELL
733,126,2025-12-11,3,93320.75,111.98,BUY
734,126,2026-04-16,8,109303.99,196.75,SELL
735,126,2025-11-21,3,404156.84,727.48,SELL
736,128,2026-01-01,7,968659.96,774.93,BUY
737,128,2026-04-10,4,758068.71,606.45,SELL
738,128,2025-07-28,9,705357.62,564.29,SELL
739,128,2026-04-04,11,2226568.33,1781.25,BUY
740,128,2026-05-02,5,721580.54,1298.84,BUY
741,128,2025-08-22,5,2680293.54,6700.73,SELL
742,128,2025-08-16,6,440366.9,528.44,SELL
743,128,2025-10-27,1,1567057.05,1880.47,SELL
744,128,2025-11-13,8,88751.91,106.5,SELL
745,128,2025-11-16,8,392669.13,471.2,SELL
746,128,2025-09-08,4,2114200.84,3805.56,BUY
747,128,2026-03-21,4,799566.75,959.48,BUY
748,128,2026-01-25,5,1135518.53,2043.93,BUY
749,128,2026-05-20,5,1160423.19,2088.76,BUY
750,128,2026-04-30,4,1305635.21,2350.14,BUY
751,128,2025-09-16,7,215542.24,538.86,SELL
752,128,2025-09-03,7,489345.77,391.48,BUY
753,128,2025-07-31,3,1460052.6,1752.06,SELL
754,128,2025-08-17,2,1006757.22,1208.11,SELL
755,128,2026-04-09,4,405907.89,324.73,BUY
756,128,2025-09-29,4,653055.86,783.67,BUY
757,129,2025-04-10,5,1572661.29,2830.79,BUY
758,129,2025-08-13,12,131323.79,236.38,BUY
759,129,2025-10-14,7,263952.53,211.16,BUY
760,129,2025-10-30,7,99285.21,79.43,BUY
761,129,2025-08-02,4,236320.99,425.38,SELL
762,129,2026-03-07,10,324230.31,259.38,BUY
763,129,2025-04-28,10,1456483.79,1747.78,SELL
764,129,2025-05-05,5,1333291.58,1066.63,SELL
765,129,2025-07-27,4,438439.19,526.13,SELL
766,129,2026-03-22,1,255748.79,204.6,BUY
767,131,2025-05-01,9,13486.26,10.79,BUY
768,131,2025-04-28,9,9985.17,17.97,SELL
769,131,2026-05-12,6,57190.66,68.63,BUY
770,131,2025-06-15,11,98838.9,79.07,BUY
771,132,2025-12-31,8,251694.54,302.03,BUY
772,133,2026-01-22,1,133789.43,107.03,BUY
773,133,2026-03-25,7,31192.4,37.43,SELL
774,134,2026-01-21,3,92737.24,74.19,BUY
775,134,2026-01-14,11,58945.2,47.16,SELL
776,134,2026-06-11,3,81109.29,146.0,BUY
777,134,2025-11-20,3,72799.15,87.36,BUY
778,135,2025-10-07,8,87853.59,105.42,SELL
779,136,2026-03-08,5,185296.36,463.24,BUY
780,136,2026-02-15,3,116528.16,93.22,BUY
781,136,2026-05-31,8,210272.82,168.22,BUY
782,136,2026-04-14,1,257864.43,309.44,BUY
783,136,2026-03-01,1,45625.29,82.13,SELL
784,136,2026-02-04,9,110463.32,132.56,SELL
785,136,2026-03-31,1,201096.93,160.88,BUY
786,137,2025-12-13,9,189806.05,151.84,SELL
787,137,2025-12-11,7,81755.38,98.11,BUY
788,137,2026-06-04,9,87160.4,156.89,SELL
789,137,2025-10-28,8,272256.38,217.81,BUY
790,137,2025-11-26,4,128640.49,102.91,SELL
791,137,2026-03-21,3,409489.54,491.39,BUY
792,137,2025-11-26,1,948450.51,1138.14,BUY
793,137,2025-09-28,9,78526.66,94.23,SELL
794,137,2025-09-11,12,48553.8,58.26,BUY
795,137,2025-12-01,2,287619.64,517.72,BUY
796,137,2025-08-13,12,204270.41,510.68,SELL
797,137,2026-01-19,8,63565.14,50.85,BUY
798,137,2026-03-04,8,40331.69,32.27,SELL
799,137,2025-12-27,8,238969.91,430.15,BUY
800,138,2026-06-18,9,138814.74,249.87,BUY
801,138,2026-06-17,2,75746.02,90.9,BUY
802,138,2026-06-21,6,55727.64,139.32,BUY
803,138,2026-06-19,10,114714.55,91.77,SELL
804,138,2026-06-11,5,69455.09,125.02,SELL
805,138,2026-06-03,8,24435.85,19.55,BUY
806,139,2026-01-20,10,44270.97,79.69,BUY
807,139,2026-03-07,9,58309.73,69.97,BUY
808,139,2026-01-08,12,125380.33,150.46,BUY
809,140,2025-11-24,8,117800.91,212.04,BUY
810,140,2026-02-24,7,27809.04,50.06,BUY
811,140,2026-01-19,2,101611.23,121.93,BUY
812,140,2026-04-22,9,12170.63,9.74,BUY
813,140,2025-09-11,7,19147.75,22.98,BUY
814,140,2026-05-09,3,75637.47,189.09,BUY
815,140,2025-11-22,11,101594.26,121.91,BUY
816,141,2026-05-09,5,47351.15,37.88,SELL
817,141,2026-05-24,12,15884.92,19.06,BUY
818,141,2025-10-15,9,53045.14,95.48,BUY
819,141,2025-09-24,5,37953.81,68.32,SELL
820,141,2026-01-23,8,109928.11,197.87,SELL
821,141,2025-10-14,1,19478.55,15.58,SELL
822,141,2025-08-23,11,89980.61,71.98,SELL
823,144,2026-01-13,5,352626.52,423.15,BUY
824,144,2025-06-14,11,468700.28,562.44,BUY
825,144,2026-02-05,6,118087.79,212.56,BUY
826,144,2025-10-05,11,100049.2,80.04,BUY
827,144,2025-05-10,6,47283.37,56.74,BUY
828,144,2026-01-11,10,182208.89,327.98,SELL
829,144,2026-01-15,3,193936.36,155.15,BUY
830,144,2025-03-02,7,129901.95,155.88,BUY
831,144,2026-06-20,4,404957.06,485.95,BUY
832,145,2026-04-01,7,178865.75,214.64,BUY
833,145,2026-04-29,5,64818.16,51.85,SELL
834,145,2026-05-31,5,62760.33,156.9,BUY
835,145,2025-05-08,12,122994.22,147.59,BUY
836,145,2026-05-19,2,32157.68,38.59,SELL
837,146,2026-03-16,2,488069.07,878.52,BUY
838,146,2025-10-20,8,177365.77,212.84,BUY
839,146,2025-10-28,7,372537.59,298.03,SELL
840,146,2026-04-12,3,353361.61,424.03,BUY
841,146,2025-12-19,1,155175.34,186.21,BUY
842,146,2025-09-03,3,807571.39,646.06,BUY
843,146,2026-05-20,6,256904.92,205.52,SELL
844,146,2026-04-15,12,192495.14,230.99,BUY
845,146,2026-04-27,1,115651.27,208.17,BUY
846,146,2025-12-27,2,147625.34,369.06,BUY
847,146,2026-05-07,8,2057249.54,5143.12,BUY
848,146,2025-08-17,7,340546.07,408.66,SELL
849,146,2025-09-27,9,125757.88,314.39,BUY
850,147,2026-01-11,8,114181.32,137.02,BUY
851,147,2026-04-18,4,28845.7,51.92,BUY
852,147,2025-12-03,12,40864.3,32.69,BUY
853,147,2025-02-08,1,8426.94,15.17,BUY
854,147,2025-12-02,8,125150.41,150.18,BUY
855,147,2025-07-01,4,8442.06,6.75,SELL
856,148,2025-06-29,12,126166.92,151.4,BUY
857,148,2025-10-11,3,18491.7,14.79,BUY
858,148,2026-04-22,3,79626.94,95.55,BUY
859,148,2026-03-12,9,13451.93,24.21,BUY
860,149,2026-06-04,4,31863.66,57.35,SELL
861,150,2025-11-29,9,47187.13,56.62,BUY
862,150,2026-05-15,3,84455.91,101.35,BUY
863,150,2026-03-09,9,44766.66,80.58,BUY
864,150,2026-02-22,1,54537.33,65.44,BUY
865,151,2026-04-20,2,132155.16,330.39,BUY
866,151,2026-06-14,7,640968.59,769.16,BUY
867,151,2026-05-31,9,78224.03,140.8,SELL
868,152,2026-01-05,3,81077.26,64.86,SELL
869,152,2026-02-14,7,81645.23,146.96,BUY
870,152,2025-10-24,2,106524.84,127.83,SELL
871,152,2025-12-16,6,8561.66,10.27,BUY
872,152,2026-01-09,12,43013.29,34.41,BUY
873,153,2025-04-29,12,15078.73,18.09,SELL
874,153,2025-06-24,3,51193.39,92.15,SELL
875,153,2025-10-30,3,56886.4,102.4,BUY
876,153,2025-12-10,9,28457.76,71.14,BUY
877,154,2025-09-27,9,786866.93,944.24,SELL
878,154,2025-08-22,1,434676.01,347.74,SELL
879,155,2026-05-19,10,113658.47,136.39,BUY
880,155,2026-06-17,4,197581.49,237.1,SELL
881,155,2026-05-24,4,150671.15,180.81,BUY
882,155,2026-06-09,8,264644.72,317.57,SELL
883,155,2026-05-26,11,219913.0,549.78,SELL
884,155,2026-05-24,9,251526.21,201.22,BUY
885,155,2026-05-24,1,103071.18,82.46,BUY
886,155,2026-05-21,6,271942.3,489.5,SELL
887,155,2026-05-20,1,64280.6,115.71,BUY
888,155,2026-06-10,9,181442.56,217.73,SELL
889,155,2026-05-27,6,404430.63,727.98,SELL
890,155,2026-06-04,9,201983.12,242.38,SELL
891,155,2026-06-14,3,64362.09,115.85,SELL
892,155,2026-06-02,6,244171.0,439.51,SELL
893,156,2026-02-19,10,331884.87,829.71,BUY
894,156,2025-06-12,9,174984.83,209.98,SELL
895,156,2025-05-24,12,162402.62,194.88,BUY
896,156,2026-01-15,2,75323.96,60.26,SELL
897,158,2025-11-21,4,22819.05,27.38,SELL
898,158,2026-04-26,9,37438.58,44.93,SELL
899,158,2026-03-18,1,109291.08,87.43,BUY
900,158,2025-10-11,8,18991.48,34.18,BUY
901,158,2026-04-15,8,76689.8,92.03,BUY
902,158,2025-11-09,7,85889.29,68.71,BUY
903,158,2026-04-18,8,11612.63,13.94,BUY
904,159,2025-06-25,4,283924.48,709.81,SELL
905,159,2025-08-28,4,262711.95,472.88,BUY
906,159,2025-11-11,7,100540.31,120.65,SELL
907,159,2025-12-19,1,85466.79,102.56,BUY
908,159,2025-07-15,8,29171.43,23.34,BUY
909,159,2025-08-19,9,217531.29,261.04,BUY
910,160,2026-01-12,8,23321.02,41.98,BUY
911,160,2025-09-19,7,89474.75,107.37,SELL
912,161,2026-02-26,2,80186.09,64.15,BUY
913,161,2026-05-28,7,53644.49,96.56,BUY
914,161,2026-02-12,1,28064.33,22.45,SELL
915,162,2025-11-13,4,51894.33,93.41,BUY
916,162,2026-01-08,2,726263.43,871.52,BUY
917,162,2026-06-04,9,103991.13,83.19,SELL
918,162,2026-01-03,5,154637.07,123.71,BUY
919,162,2026-05-27,7,196701.24,157.36,SELL
920,162,2026-02-03,2,205775.95,246.93,BUY
921,162,2026-05-31,4,331833.03,597.3,BUY
922,163,2026-06-20,4,408516.2,490.22,BUY
923,163,2026-06-04,8,263640.83,316.37,SELL
924,163,2026-06-11,11,502311.72,401.85,SELL
925,163,2026-06-15,8,231354.1,416.44,SELL
926,163,2026-06-13,7,530164.22,636.2,BUY
927,163,2026-06-14,1,1187389.39,949.91,BUY
928,163,2026-06-14,6,164357.65,197.23,BUY
929,163,2026-06-13,11,919490.04,735.59,SELL
930,163,2026-06-16,9,146312.76,117.05,BUY
931,163,2026-06-17,8,1087720.9,870.18,SELL
932,163,2026-06-20,2,208594.29,375.47,SELL
933,163,2026-06-16,3,149706.43,179.65,SELL
934,163,2026-06-09,9,493831.13,395.06,BUY
935,163,2026-06-02,6,267657.74,214.13,BUY
936,163,2026-06-21,1,530805.21,955.45,SELL
937,163,2026-06-21,9,814380.12,977.26,BUY
938,163,2026-06-06,10,447297.61,805.14,BUY
939,163,2026-06-18,1,233377.92,420.08,BUY
940,164,2025-12-14,9,54416.11,97.95,BUY
941,164,2026-01-17,3,134464.57,161.36,SELL
942,165,2026-03-22,7,654941.66,785.93,BUY
943,165,2026-05-02,4,564650.97,677.58,SELL
944,165,2026-04-04,8,1454318.22,2617.77,SELL
945,165,2026-05-04,9,1514768.53,2726.58,SELL
946,165,2026-06-13,8,1301999.76,1041.6,BUY
947,165,2026-05-10,2,469175.79,563.01,BUY
948,165,2026-05-28,8,834534.0,1001.44,BUY
949,165,2026-06-10,8,1293238.64,2327.83,BUY
950,165,2026-03-14,9,304788.1,365.75,BUY
951,165,2026-04-13,10,1137669.08,2047.8,BUY
952,165,2026-04-30,3,762855.87,1373.14,BUY
953,165,2026-03-23,9,1865815.9,3358.47,BUY
954,165,2026-06-06,7,1421326.19,1705.59,SELL
955,165,2026-05-16,2,2709838.11,3251.81,BUY
956,165,2026-03-17,7,805146.01,966.18,BUY
957,165,2026-06-13,2,2086663.76,3755.99,BUY
958,165,2026-04-26,8,640894.85,769.07,SELL
959,165,2026-05-05,12,898826.41,1617.89,BUY
960,165,2026-05-08,3,3444294.55,6199.73,BUY
961,165,2026-06-04,10,694231.73,555.39,BUY
962,165,2026-05-10,8,841935.34,1515.48,BUY
963,166,2025-10-31,3,129299.51,103.44,BUY
964,166,2026-05-07,9,214948.72,386.91,BUY
965,166,2025-04-15,1,371801.21,297.44,SELL
966,166,2025-05-02,9,653747.12,523.0,BUY
967,166,2025-09-20,8,556832.21,668.2,SELL
968,167,2025-11-11,8,18644.1,14.92,SELL
969,167,2025-08-16,1,29271.71,23.42,BUY
970,167,2025-07-14,12,102038.3,255.1,SELL
971,167,2026-03-01,9,166589.16,199.91,SELL
972,167,2025-10-20,1,13878.55,24.98,BUY
973,167,2025-07-04,12,77357.75,92.83,SELL
974,167,2025-07-15,4,19565.84,48.91,SELL
975,167,2025-07-27,3,46114.12,36.89,BUY
976,168,2026-05-11,2,108131.04,86.5,BUY
977,168,2026-01-28,7,91474.14,73.18,SELL
978,168,2025-12-05,3,67435.08,53.95,SELL
979,168,2026-05-28,10,54875.25,65.85,SELL
980,168,2025-12-29,4,69171.6,172.93,BUY
981,168,2026-06-05,2,29855.57,74.64,BUY
982,168,2026-05-27,1,57885.66,46.31,SELL
983,168,2025-12-27,12,46157.73,55.39,BUY
984,170,2025-08-01,7,1075527.06,1290.63,BUY
985,170,2026-01-17,8,1236116.95,1483.34,BUY
986,170,2025-07-28,9,73656.45,88.39,BUY
987,170,2025-12-04,1,577460.38,461.97,BUY
988,170,2025-08-13,3,469057.7,375.25,SELL
989,170,2025-08-05,8,555237.17,666.28,SELL
990,170,2026-05-22,2,601424.89,721.71,SELL
991,170,2026-01-23,3,1566867.4,1880.24,BUY
992,170,2026-02-26,2,847734.36,678.19,SELL
993,170,2025-12-18,10,873379.75,1048.06,BUY
994,170,2025-08-20,3,433151.41,519.78,BUY
995,170,2025-08-21,4,1732603.19,3118.69,BUY
996,170,2025-08-16,7,246009.41,295.21,BUY
997,170,2025-09-21,3,104674.26,125.61,BUY
998,170,2025-08-13,7,1761248.91,1409.0,SELL
999,170,2026-01-28,6,1790334.35,1432.27,SELL
1000,170,2026-05-22,5,307675.31,246.14,BUY
1001,170,2026-02-28,6,1218270.84,2192.89,SELL
1002,170,2025-10-05,2,261557.79,313.87,SELL
1003,170,2026-06-03,8,558234.04,669.88,BUY
1004,170,2025-08-26,1,183031.94,329.46,SELL
1005,170,2026-01-02,11,511122.66,613.35,SELL
1006,170,2025-12-25,7,402541.84,322.03,SELL
1007,170,2025-11-19,2,437237.02,524.68,BUY
1008,171,2026-04-30,1,1062002.17,1274.4,BUY
1009,171,2025-10-10,7,173156.0,138.52,SELL
1010,172,2025-08-27,9,243667.45,292.4,BUY
1011,172,2025-08-13,8,113798.65,284.5,SELL
1012,172,2026-04-06,7,150460.95,376.15,SELL
1013,172,2025-10-12,7,277623.96,222.1,SELL
1014,172,2025-08-12,12,89299.23,71.44,BUY
1015,172,2025-05-19,6,59534.34,47.63,BUY
1016,172,2025-05-07,3,46116.08,83.01,SELL
1017,172,2026-05-08,7,185864.89,148.69,BUY
1018,172,2025-04-29,3,202971.12,162.38,BUY
1019,172,2025-05-11,3,77740.94,139.93,BUY
1020,173,2026-01-23,6,112520.32,90.02,BUY
1021,173,2026-03-15,2,83063.87,99.68,BUY
1022,173,2026-04-11,4,286261.63,343.51,BUY
1023,174,2026-02-15,8,60958.47,73.15,BUY
1024,174,2026-01-20,4,55615.74,66.74,SELL
1025,174,2026-03-13,2,6510.55,7.81,SELL
1026,174,2026-04-09,9,62034.2,49.63,BUY
1027,174,2026-04-12,3,40119.2,32.1,SELL
1028,174,2026-06-04,3,33421.66,40.11,SELL
1029,174,2026-03-17,5,82415.13,98.9,BUY
1030,175,2025-07-10,9,175753.39,316.36,SELL
1031,175,2025-07-31,4,114915.7,91.93,BUY
1032,175,2025-12-24,4,416707.9,500.05,BUY
1033,175,2026-04-14,1,847148.39,1016.58,BUY
1034,175,2025-07-01,3,255059.65,306.07,SELL
1035,175,2025-07-13,5,3683480.81,9208.7,SELL
1036,175,2026-05-03,5,572213.74,1029.98,BUY
1037,175,2025-07-11,4,548364.71,658.04,SELL
1038,176,2026-03-27,2,126300.91,151.56,BUY
1039,177,2025-12-31,1,332289.63,398.75,BUY
1040,177,2026-01-18,4,163761.35,196.51,SELL
1041,177,2026-01-29,11,375910.77,676.64,BUY
1042,177,2025-11-21,5,174639.65,209.57,BUY
1043,177,2026-02-05,5,153668.88,384.17,BUY
1044,177,2026-03-22,5,167009.66,200.41,SELL
1045,178,2025-11-20,5,130262.2,104.21,SELL
1046,178,2026-01-19,7,108236.07,86.59,BUY
1047,178,2026-01-27,10,37290.88,44.75,SELL
1048,178,2026-02-22,1,58107.69,145.27,SELL
1049,178,2026-06-02,8,173828.32,208.59,BUY
1050,179,2026-01-19,3,65020.14,117.04,SELL
1051,179,2026-04-12,11,116522.24,139.83,BUY
1052,180,2026-04-24,7,34094.18,61.37,BUY
1053,180,2025-05-25,11,43532.04,78.36,SELL
1054,180,2025-05-12,6,35082.06,63.15,SELL
1055,181,2025-10-03,3,20135.62,36.24,BUY
1056,181,2025-12-02,2,71310.63,57.05,SELL
1057,181,2025-10-06,1,28258.16,50.86,SELL
1058,181,2026-01-15,2,26578.45,47.84,SELL
1059,181,2025-12-25,4,46453.31,55.74,BUY
1060,183,2025-11-29,7,7515.65,13.53,SELL
1061,183,2026-01-18,2,24143.21,19.31,SELL
1062,183,2026-05-29,9,43789.03,78.82,BUY
1063,183,2026-05-31,11,123519.92,308.8,SELL
1064,185,2026-03-18,8,64939.43,162.35,BUY
1065,185,2026-02-17,4,38023.32,95.06,BUY
1066,185,2026-06-03,9,159831.25,287.7,BUY
1067,185,2026-05-23,3,132061.37,158.47,SELL
1068,185,2026-02-04,9,90077.26,162.14,SELL
1069,185,2025-12-27,11,44780.14,53.74,BUY
1070,185,2026-05-09,2,77108.12,92.53,BUY
1071,187,2026-05-21,1,497725.78,597.27,SELL
1072,187,2026-05-28,8,495091.07,396.07,BUY
1073,187,2026-04-25,9,347896.97,417.48,SELL
1074,187,2026-06-21,1,938691.59,1689.64,SELL
1075,187,2026-04-26,3,1068815.68,1282.58,BUY
1076,187,2026-05-30,7,721179.03,1802.95,SELL
1077,189,2025-04-24,3,24608.42,44.3,SELL
1078,190,2026-05-14,9,1293223.19,2327.8,SELL
1079,190,2026-06-10,7,519716.16,623.66,SELL
1080,190,2026-03-08,8,202700.61,162.16,BUY
1081,190,2026-04-25,1,736183.17,588.95,SELL
1082,190,2026-06-10,8,262431.87,314.92,BUY
1083,190,2026-06-01,3,901032.76,1621.86,BUY
1084,190,2026-05-16,9,1793824.99,1435.06,BUY
1085,190,2026-05-09,7,467308.61,841.16,SELL
1086,190,2026-05-18,12,660479.25,1188.86,SELL
1087,190,2025-12-24,6,956047.6,1720.89,BUY
1088,190,2026-02-15,1,2318422.69,1854.74,BUY
1089,190,2026-01-15,3,306964.97,368.36,SELL
1090,190,2026-01-23,3,152198.05,380.5,BUY
1091,190,2026-05-03,3,43220.75,77.8,BUY
1092,190,2025-12-15,7,234126.54,280.95,BUY
1093,190,2026-04-25,2,155254.41,186.31,BUY
1094,190,2026-05-18,3,322320.76,386.78,BUY
1095,190,2026-02-01,5,404254.09,727.66,SELL
1096,190,2026-01-09,9,59866.66,71.84,BUY
1097,190,2026-01-08,7,892283.81,1070.74,SELL
1098,190,2026-05-11,5,311312.8,560.36,SELL
1099,190,2026-04-28,2,150317.1,180.38,BUY
1100,190,2026-03-26,8,396257.3,713.26,SELL
1101,191,2025-03-13,4,93124.78,167.62,BUY
1102,191,2026-01-21,8,42323.0,50.79,SELL
1103,191,2025-09-11,12,41156.03,74.08,SELL
1104,192,2026-02-06,2,45336.65,54.4,SELL
1105,192,2025-02-18,3,76119.97,91.34,SELL
1106,192,2025-03-07,5,28899.43,52.02,BUY
1107,192,2025-10-25,5,118891.26,142.67,SELL
1108,193,2026-02-18,2,229608.16,574.02,SELL
1109,193,2026-02-19,5,20497.86,24.6,BUY
1110,193,2026-01-17,9,59823.59,149.56,SELL
1111,193,2026-03-12,3,52450.03,62.94,SELL
1112,194,2026-05-31,9,144924.8,115.94,SELL
1113,194,2025-09-28,5,36862.72,29.49,BUY
1114,194,2026-05-22,1,62742.11,75.29,SELL
1115,194,2026-02-25,8,91370.67,109.64,SELL
1116,194,2026-02-19,5,58596.73,70.32,BUY
1117,194,2025-09-01,11,16788.21,20.15,BUY
1118,195,2026-04-24,7,31212.24,24.97,SELL
1119,195,2026-05-23,7,68719.18,82.46,SELL
1120,195,2026-05-14,9,84702.73,67.76,BUY
1121,195,2026-05-28,3,185109.35,333.2,SELL
1122,195,2026-03-06,1,255171.63,204.14,BUY
1123,195,2026-05-06,3,65868.7,52.69,SELL
1124,196,2026-03-12,4,110892.83,133.07,BUY
1125,196,2025-08-10,3,47569.55,85.63,SELL
1126,197,2025-12-24,7,139167.15,347.92,BUY
1127,197,2026-04-03,7,47606.64,57.13,SELL
1128,197,2026-04-06,2,57936.63,104.29,BUY
1129,197,2026-02-13,12,12021.69,21.64,SELL
1130,197,2025-12-21,9,27712.1,33.25,SELL
1131,197,2025-10-14,11,35896.98,43.08,BUY
1132,198,2026-06-21,7,56885.47,68.26,SELL
1133,198,2026-04-02,3,59376.3,47.5,BUY
1134,198,2026-06-12,5,84637.5,101.56,BUY
1135,198,2026-06-11,9,129063.98,154.88,BUY
1136,199,2026-06-19,4,69937.81,83.93,BUY
1137,199,2026-05-24,7,30177.68,54.32,SELL
1138,199,2026-06-10,3,81011.89,97.21,SELL
1139,199,2026-06-20,5,47781.95,86.01,SELL
1140,199,2026-06-17,5,54360.45,97.85,SELL
1141,199,2026-06-01,5,49003.76,58.8,SELL
1142,200,2026-05-21,2,123993.03,99.19,BUY
1143,200,2026-05-13,4,22102.97,17.68,BUY
1144,200,2026-03-25,12,52638.99,63.17,BUY
1145,200,2026-06-15,4,1103803.12,1986.85,BUY
1146,202,2026-05-06,1,53714.87,96.69,SELL
1147,202,2026-02-12,4,27454.94,49.42,SELL
1148,202,2025-11-11,1,64871.3,51.9,SELL
1149,202,2026-02-11,1,82587.13,66.07,SELL
1150,202,2026-06-05,11,72397.33,86.88,BUY
1151,202,2026-04-24,7,38782.93,96.96,BUY
1152,203,2025-05-16,7,508082.43,1270.21,BUY
1153,203,2025-07-30,7,64685.66,116.43,BUY
1154,203,2025-04-24,3,190404.19,342.73,BUY
1155,203,2026-04-25,4,169839.62,203.81,BUY
1156,203,2025-07-16,8,253718.05,202.97,BUY
1157,203,2025-12-31,1,536350.36,429.08,BUY
1158,203,2026-03-06,10,333780.26,400.54,SELL
1159,203,2025-10-18,10,357293.28,285.83,SELL
1160,204,2026-05-07,8,19735.61,23.68,BUY
1161,204,2025-10-01,5,116830.15,210.29,BUY
1162,204,2025-12-10,7,48753.51,121.88,BUY
1163,205,2025-05-27,2,30906.44,55.63,BUY
1164,205,2025-02-27,2,74771.11,134.59,SELL
1165,207,2025-12-11,2,40903.18,49.08,SELL
1166,207,2026-01-28,4,77222.39,61.78,BUY
1167,207,2026-01-19,9,98378.82,118.05,BUY
1168,208,2025-11-02,7,165668.88,132.54,SELL
1169,208,2026-05-17,3,544886.36,980.8,SELL
1170,208,2026-03-13,9,435184.66,522.22,SELL
1171,209,2026-06-19,7,76329.87,190.82,BUY
1172,209,2026-05-12,9,40716.0,32.57,SELL
1173,209,2026-04-12,5,45345.84,36.28,SELL
1174,209,2026-06-07,8,41458.57,49.75,SELL
1175,210,2025-06-12,6,6327.46,11.39,SELL
1176,210,2025-10-19,9,49231.44,88.62,BUY
1177,210,2025-09-02,9,51095.2,40.88,SELL
1178,210,2026-05-22,3,29771.26,23.82,BUY
1179,210,2026-05-15,1,156246.19,187.5,BUY
1180,210,2025-07-14,2,14789.35,36.97,BUY
1181,210,2025-11-01,7,44760.61,53.71,SELL
1182,211,2026-05-28,2,330377.09,396.45,SELL
1183,211,2026-01-19,2,453561.31,1133.9,BUY
1184,211,2026-01-18,5,130930.3,235.67,BUY
1185,211,2026-03-27,2,82535.01,99.04,BUY
1186,211,2026-03-27,8,34180.55,27.34,SELL
1187,211,2026-05-21,3,41299.35,49.56,SELL
1188,211,2026-04-23,5,45736.64,54.88,BUY
1189,212,2026-05-31,8,109196.31,196.55,BUY
1190,212,2025-12-03,1,974063.7,1168.88,BUY
1191,212,2025-12-14,1,341893.23,615.41,BUY
1192,212,2025-12-05,6,3457782.68,4149.34,BUY
1193,212,2026-03-26,7,626691.75,1128.05,BUY
1194,212,2025-09-20,9,927313.49,741.85,SELL
1195,212,2026-04-11,1,3118312.11,5612.96,BUY
1196,212,2025-06-28,4,314968.63,377.96,SELL
1197,212,2026-03-21,10,1016499.11,813.2,SELL
1198,212,2025-08-16,1,2317856.04,4172.14,BUY
1199,212,2025-06-12,6,1886472.83,1509.18,BUY
1200,212,2026-03-25,9,1429095.75,2572.37,BUY
1201,212,2025-04-17,3,972538.15,1750.57,BUY
1202,212,2025-04-21,8,876715.14,701.37,BUY
1203,212,2026-02-20,4,439868.4,351.89,BUY
1204,212,2025-10-11,2,860929.38,688.74,BUY
1205,212,2025-09-22,5,1450176.75,1160.14,SELL
1206,212,2025-09-14,10,1731531.13,1385.22,BUY
1207,212,2025-12-28,4,482590.97,386.07,SELL
1208,212,2025-05-22,12,1291038.52,1549.25,SELL
1209,212,2026-05-17,3,782281.58,625.83,BUY
1210,212,2026-02-17,7,4885078.64,5862.09,SELL
1211,213,2026-03-19,7,64900.31,51.92,BUY
1212,213,2026-04-27,4,76468.19,137.64,BUY
1213,213,2025-05-21,4,30637.92,36.77,BUY
1214,213,2025-02-07,8,28320.36,33.98,BUY
1215,213,2025-10-01,10,35467.39,63.84,SELL
1216,213,2025-08-26,9,16224.44,19.47,SELL
1217,214,2026-01-12,7,52601.83,42.08,SELL
1218,214,2026-02-20,11,121853.88,97.48,BUY
1219,214,2026-01-05,5,57432.96,143.58,SELL
1220,214,2025-06-05,1,26538.95,47.77,SELL
1221,214,2026-01-01,12,53338.15,96.01,BUY
1222,214,2026-06-17,9,30312.75,36.38,BUY
1223,215,2026-05-24,9,852459.04,681.97,SELL
1224,215,2026-04-15,8,650671.4,1171.21,SELL
1225,215,2026-04-09,2,1345941.29,1615.13,BUY
1226,215,2026-06-15,5,295299.1,354.36,SELL
1227,215,2026-04-20,8,257423.39,463.36,SELL
1228,215,2026-04-04,5,551488.21,992.68,BUY
1229,215,2026-05-05,8,692805.78,554.24,BUY
1230,215,2026-04-11,2,272085.01,217.67,BUY
1231,215,2026-06-15,7,397422.61,317.94,BUY
1232,215,2026-03-07,7,194634.68,486.59,BUY
1233,215,2026-03-23,10,576798.57,461.44,BUY
1234,215,2026-03-29,8,1143679.35,1372.42,BUY
1235,215,2026-06-17,1,1063972.74,851.18,SELL
1236,215,2026-03-17,1,424043.16,508.85,BUY
1237,215,2026-06-05,3,361309.34,433.57,BUY
1238,215,2026-06-10,9,579619.41,1043.31,BUY
1239,215,2026-04-10,3,558503.42,1005.31,SELL
1240,215,2026-05-24,7,375842.96,939.61,SELL
1241,215,2026-03-28,7,259602.23,207.68,BUY
1242,215,2026-05-19,6,539469.19,647.36,BUY
1243,215,2026-03-22,8,485275.94,873.5,SELL
1244,215,2026-03-07,5,395455.58,711.82,BUY
1245,215,2026-04-06,7,182989.54,329.38,BUY
1246,215,2026-03-12,6,472185.38,377.75,BUY
1247,215,2026-05-13,4,273762.36,492.77,SELL
1248,215,2026-06-19,9,544626.76,435.7,BUY
1249,216,2026-05-21,6,19772.65,15.82,SELL
1250,216,2026-05-29,9,42956.56,51.55,SELL
1251,217,2026-01-30,2,13330.28,16.0,BUY
1252,217,2025-09-12,3,35814.03,28.65,BUY
1253,217,2026-03-19,2,31125.56,56.03,BUY
1254,217,2026-03-07,1,35840.66,28.67,SELL
1255,219,2025-08-09,3,73405.69,58.72,SELL
1256,219,2026-02-17,4,256665.17,641.66,SELL
1257,219,2026-01-03,10,22972.91,18.38,SELL
1258,220,2025-08-27,10,236420.71,189.14,SELL
1259,220,2025-09-05,2,285199.08,342.24,BUY
1260,220,2025-08-25,9,130018.51,104.01,SELL
1261,220,2026-03-07,7,592189.48,473.75,BUY
1262,220,2025-12-18,3,130799.6,104.64,BUY
1263,220,2026-04-01,7,351907.41,422.29,SELL
1264,220,2026-04-28,4,638815.78,1149.87,SELL
1265,220,2025-12-24,8,27529.36,22.02,BUY
1266,220,2025-12-25,1,112754.9,202.96,BUY
1267,221,2026-06-08,10,124017.02,223.23,BUY
1268,221,2026-06-16,1,137291.41,164.75,BUY
1269,221,2026-05-27,4,47659.67,57.19,SELL
1270,221,2026-06-08,10,113122.45,203.62,SELL
1271,221,2026-06-04,6,284548.39,341.46,SELL
1272,221,2026-06-20,5,90570.53,163.03,SELL
1273,221,2026-05-28,4,120823.87,144.99,BUY
1274,222,2026-01-28,3,64778.03,51.82,BUY
1275,222,2025-08-31,1,69240.33,173.1,SELL
1276,223,2026-06-14,4,126629.63,101.3,SELL
1277,223,2026-06-11,9,160280.87,192.34,SELL
1278,223,2026-06-12,12,162232.66,194.68,BUY
1279,223,2026-06-04,9,79016.2,142.23,SELL
1280,223,2026-06-20,9,111248.78,133.5,SELL
1281,223,2026-06-17,8,496763.21,397.41,BUY
1282,223,2026-06-10,1,74575.36,89.49,BUY
1283,225,2026-04-30,10,140871.03,112.7,BUY
1284,225,2026-04-19,1,571051.51,685.26,SELL
1285,225,2026-03-17,4,234722.53,281.67,SELL
1286,225,2026-03-16,6,362328.96,434.79,SELL
1287,225,2026-06-11,4,94888.41,237.22,BUY
1288,225,2026-04-07,5,206397.16,165.12,SELL
1289,225,2026-04-02,2,115656.26,208.18,SELL
1290,225,2026-06-21,2,287152.37,717.88,BUY
1291,226,2026-06-06,3,60120.85,72.15,SELL
1292,226,2026-05-13,7,28611.91,34.33,BUY
1293,226,2025-10-18,1,78495.28,94.19,BUY
1294,227,2026-02-05,11,72624.96,130.72,BUY
1295,227,2026-03-05,5,25871.67,64.68,BUY
1296,227,2025-08-29,10,13746.39,11.0,BUY
1297,227,2026-05-23,4,54015.92,97.23,BUY
1298,227,2026-02-18,3,375394.94,938.49,SELL
1299,227,2025-08-17,1,60922.65,73.11,BUY
1300,228,2026-06-20,3,157117.52,282.81,SELL
1301,228,2026-05-26,9,13254.01,15.9,BUY
1302,229,2026-05-18,7,65166.24,78.2,SELL
1303,229,2026-05-26,9,50435.66,90.78,SELL
1304,229,2026-05-25,1,92324.63,73.86,SELL
1305,229,2026-05-26,9,30454.24,36.55,SELL
1306,229,2026-05-08,2,15904.6,12.72,SELL
1307,229,2026-06-09,8,51951.33,41.56,SELL
1308,229,2026-05-01,7,56841.7,102.32,SELL
1309,230,2026-03-23,7,54403.49,43.52,SELL
1310,230,2026-05-15,3,100837.55,80.67,BUY
1311,230,2026-06-07,8,38548.71,30.84,BUY
1312,230,2026-05-12,3,35948.07,28.76,SELL
1313,230,2026-06-21,1,42571.21,34.06,BUY
1314,230,2026-05-23,9,32005.83,38.41,SELL
1315,230,2026-05-14,9,69918.3,83.9,SELL
1316,231,2026-01-31,9,99231.88,178.62,BUY
1317,231,2025-11-22,11,67858.07,81.43,BUY
1318,231,2026-05-10,4,329950.67,395.94,BUY
1319,232,2026-06-02,3,79454.56,63.56,BUY
1320,232,2025-12-30,2,18704.36,33.67,SELL
1321,232,2026-05-12,4,38910.25,46.69,BUY
1322,232,2026-01-11,2,155747.21,186.9,BUY
1323,233,2026-06-21,8,351842.6,422.21,BUY
1324,233,2026-04-03,3,215758.17,258.91,BUY
1325,233,2026-04-05,3,113176.6,203.72,SELL
1326,233,2026-03-12,9,662566.99,530.05,SELL
1327,233,2026-06-17,6,184522.33,332.14,BUY
1328,233,2026-04-26,7,1229980.04,983.98,BUY
1329,233,2026-05-20,7,161934.33,129.55,BUY
1330,233,2026-04-30,3,578450.64,694.14,SELL
1331,233,2026-06-07,7,257585.07,463.65,SELL
1332,233,2026-05-05,1,252013.54,630.03,SELL
1333,233,2026-04-03,1,393274.27,314.62,SELL
1334,233,2026-06-07,8,230909.37,184.73,SELL
1335,233,2026-05-02,9,733425.82,1320.17,BUY
1336,233,2026-05-28,4,362911.59,653.24,BUY
1337,233,2026-05-12,8,284724.6,512.5,SELL
1338,233,2026-06-05,5,271484.43,325.78,BUY
1339,233,2026-06-06,4,293766.35,352.52,BUY
1340,233,2026-06-12,8,231669.5,417.01,BUY
1341,234,2026-04-19,10,126750.95,101.4,BUY
1342,234,2026-03-11,9,16657.63,41.64,BUY
1343,234,2026-05-23,4,54395.25,65.27,BUY
1344,234,2025-12-08,1,31304.41,37.57,SELL
1345,234,2026-03-03,8,128857.73,231.94,SELL
1346,235,2026-06-18,9,140557.38,253.0,BUY
1347,235,2026-06-21,9,223713.66,402.68,BUY
1348,235,2026-05-17,12,42811.9,77.06,SELL
1349,235,2026-05-31,5,126054.39,226.9,SELL
1350,235,2026-05-25,7,320463.49,256.37,BUY
1351,236,2025-12-28,9,60376.13,72.45,SELL
1352,236,2026-01-21,3,54679.89,43.74,SELL
1353,236,2026-06-17,9,60893.79,73.07,SELL
1354,237,2026-05-05,4,20700.65,24.84,BUY
1355,237,2026-05-04,1,225257.37,180.21,BUY
1356,237,2026-06-06,8,33231.64,26.59,BUY
1357,238,2026-02-14,9,308343.04,246.67,SELL
1358,238,2026-01-20,8,163023.9,195.63,SELL
1359,238,2026-05-20,7,303906.01,547.03,SELL
1360,238,2025-07-06,7,138877.69,166.65,SELL
1361,238,2026-06-15,1,504095.86,604.92,SELL
1362,238,2026-03-11,9,123272.89,308.18,BUY
1363,238,2025-07-15,4,135851.96,163.02,SELL
1364,238,2025-08-19,7,184250.59,147.4,BUY
1365,238,2025-11-20,1,178846.67,214.62,BUY
1366,238,2025-06-20,6,87297.54,69.84,BUY
1367,238,2025-10-09,10,31523.52,25.22,BUY
1368,239,2026-06-21,4,24696.47,19.76,BUY
1369,240,2026-02-12,4,33332.86,40.0,BUY
1370,240,2025-10-13,2,72121.35,129.82,BUY
1371,240,2025-12-26,6,51187.67,61.43,BUY
1372,240,2026-06-21,11,123953.48,223.12,SELL
1373,241,2026-06-03,4,802270.53,641.82,SELL
1374,241,2026-01-24,8,565106.42,1017.19,SELL
1375,241,2026-02-28,6,1167171.51,933.74,SELL
1376,241,2026-03-07,4,913285.72,1095.94,SELL
1377,241,2026-04-09,2,770529.72,1386.95,BUY
1378,241,2026-03-28,9,2119254.41,2543.11,SELL
1379,241,2026-06-01,7,1335582.77,3338.96,BUY
1380,241,2026-05-21,7,500017.41,900.03,BUY
1381,241,2026-05-27,9,857807.27,686.25,SELL
1382,241,2026-06-14,2,2163377.57,3894.08,SELL
1383,241,2026-01-27,5,1005062.85,1809.11,BUY
1384,241,2026-06-01,9,3051264.68,3661.52,SELL
1385,241,2026-05-16,3,1171903.38,2929.76,SELL
1386,241,2026-06-06,12,771321.82,925.59,SELL
1387,242,2025-10-12,11,41310.75,74.36,BUY
1388,242,2026-02-17,8,101719.53,122.06,BUY
1389,243,2026-05-12,1,30008.39,54.02,BUY
1390,244,2026-06-14,7,22577.77,27.09,BUY
1391,244,2026-05-26,8,143454.57,172.15,SELL
1392,244,2026-05-09,5,116755.71,140.11,BUY
1393,244,2026-05-14,7,99910.89,249.78,BUY
1394,245,2026-03-24,7,50572.72,60.69,BUY
1395,245,2026-03-31,10,36473.86,29.18,SELL
1396,245,2026-01-08,9,142241.3,170.69,SELL
1397,245,2025-09-19,9,37696.83,67.85,BUY
1398,245,2025-07-12,1,33160.2,26.53,BUY
1399,245,2026-05-27,4,26709.32,32.05,BUY
1400,246,2026-06-06,3,73743.51,88.49,SELL
1401,246,2026-01-31,9,163345.76,130.68,BUY
1402,246,2025-11-27,2,31777.06,38.13,SELL
1403,246,2025-12-26,7,14078.0,16.89,BUY
1404,247,2026-02-12,3,33445.3,26.76,BUY
1405,247,2026-03-04,1,102933.57,257.33,BUY
1406,247,2026-05-24,1,39465.88,47.36,BUY
1407,247,2025-11-15,5,25805.44,30.97,SELL
1408,247,2026-01-12,2,17926.35,14.34,SELL
1409,248,2025-04-08,3,22187.72,39.94,BUY
1410,248,2025-12-12,4,36471.35,43.77,BUY
1411,248,2026-02-20,7,143786.23,172.54,BUY
1412,248,2025-07-28,8,70999.9,127.8,SELL
1413,248,2025-05-08,11,72044.98,129.68,SELL
1414,248,2025-05-20,6,145082.88,174.1,SELL
1415,248,2025-03-20,1,56041.65,67.25,BUY
1416,248,2026-01-07,11,205260.78,164.21,BUY
1417,248,2025-09-05,8,94397.57,113.28,SELL
1418,249,2026-01-31,8,65495.08,78.59,BUY
1419,249,2026-06-07,11,166798.52,417.0,BUY
1420,250,2026-04-12,4,814093.68,651.27,BUY
1421,250,2025-12-26,10,552719.11,663.26,SELL
1422,250,2026-06-12,3,278147.75,500.67,BUY
1423,251,2026-06-03,10,112866.7,90.29,SELL
1424,251,2026-06-02,3,89501.1,71.6,SELL
1425,251,2026-04-23,11,22282.3,17.83,SELL
1426,251,2026-06-15,7,240532.7,288.64,SELL
1427,251,2026-06-03,10,106618.56,191.91,BUY
1428,253,2025-05-30,9,327040.13,392.45,BUY
1429,253,2025-05-17,9,292873.53,234.3,BUY
1430,253,2025-10-10,8,68557.33,82.27,BUY
1431,253,2026-06-15,10,920870.39,1105.04,SELL
1432,253,2025-12-14,7,62706.01,75.25,SELL
1433,254,2026-06-13,5,1530276.65,1836.33,BUY
1434,254,2026-06-01,11,207392.47,248.87,BUY
1435,254,2026-06-13,7,260307.66,468.55,BUY
1436,254,2026-06-02,9,1590108.9,1908.13,SELL
1437,254,2026-06-21,1,1281244.51,1537.49,BUY
1438,254,2026-06-16,7,299000.56,538.2,BUY
1439,254,2026-06-14,5,1629454.78,2933.02,SELL
1440,254,2026-06-13,4,3306056.21,2644.84,BUY
1441,254,2026-06-18,10,198681.43,238.42,SELL
1442,254,2026-06-08,1,844511.68,1013.41,BUY
1443,254,2026-06-08,3,1923787.87,2308.55,BUY
1444,254,2026-06-10,12,617622.87,1111.72,BUY
1445,254,2026-06-05,1,704530.84,563.62,SELL
1446,254,2026-06-03,7,1309917.11,1571.9,BUY
1447,254,2026-06-09,6,577457.92,461.97,BUY
1448,254,2026-06-02,7,598947.95,479.16,BUY
1449,254,2026-06-20,6,1095087.34,2737.72,BUY
1450,254,2026-06-06,9,1537536.97,2767.57,BUY
1451,254,2026-06-14,3,645263.07,516.21,SELL
1452,254,2026-06-06,7,1146008.78,916.81,BUY
1453,254,2026-06-20,8,1957494.39,3523.49,SELL
1454,254,2026-06-07,9,1378673.65,1654.41,BUY
1455,254,2026-06-04,10,282614.53,339.14,BUY
1456,255,2025-10-16,4,29694.04,53.45,SELL
1457,255,2025-11-13,1,119760.9,215.57,BUY
1458,255,2025-11-29,4,12099.41,14.52,SELL
1459,257,2026-02-04,11,48399.86,38.72,SELL
1460,257,2026-04-17,9,92901.85,111.48,BUY
1461,257,2025-12-11,3,903321.8,1083.99,BUY
1462,257,2026-02-15,6,330261.69,594.47,BUY
1463,257,2025-12-27,7,100634.0,80.51,BUY
1464,257,2026-06-03,7,430619.33,516.74,SELL
1465,257,2026-05-10,3,148827.81,178.59,BUY
1466,258,2026-05-17,3,65886.24,79.06,BUY
1467,258,2026-03-25,8,60822.46,109.48,BUY
1468,258,2026-04-10,5,184076.16,331.34,SELL
1469,259,2026-05-08,9,16446.16,19.74,SELL
1470,259,2026-05-30,2,125140.75,150.17,SELL
1471,259,2026-04-16,12,161183.42,290.13,BUY
1472,259,2026-06-13,4,28698.03,51.66,SELL
1473,260,2026-02-23,8,184835.1,221.8,SELL
1474,260,2026-04-11,1,9584.34,11.5,BUY
1475,260,2025-11-12,3,289911.09,347.89,BUY
1476,260,2026-03-03,4,86824.9,104.19,BUY
1477,261,2025-12-03,9,188293.05,150.63,BUY
1478,261,2026-01-08,3,29484.96,23.59,BUY
1479,261,2026-06-18,8,487660.67,585.19,SELL
1480,261,2026-03-01,11,487682.03,585.22,BUY
1481,261,2026-05-02,3,283030.09,339.64,SELL
1482,261,2026-05-23,11,230268.29,184.21,BUY
1483,261,2026-06-10,7,67980.53,122.36,BUY
1484,261,2026-03-01,5,141410.32,113.13,SELL
1485,261,2025-12-18,6,73583.89,88.3,SELL
1486,261,2026-06-15,2,263182.35,210.55,BUY
1487,263,2025-03-26,11,97117.99,116.54,SELL
1488,263,2025-09-22,9,58044.52,69.65,BUY
1489,263,2026-03-01,1,324793.86,811.98,BUY
1490,263,2025-08-21,1,65614.85,52.49,SELL
1491,263,2025-01-09,1,21778.53,39.2,BUY
1492,264,2026-06-07,5,81671.54,98.01,SELL
1493,264,2026-06-13,1,55335.41,44.27,SELL
1494,264,2026-03-05,11,71933.89,129.48,SELL
1495,265,2026-01-08,4,177892.84,320.21,BUY
1496,265,2026-03-20,5,220077.0,264.09,BUY
1497,265,2026-01-29,11,74830.01,187.08,SELL
1498,265,2026-04-10,8,127837.91,153.41,SELL
1499,265,2026-06-01,9,79135.92,142.44,BUY
1500,265,2026-02-06,5,252702.38,303.24,BUY
1501,265,2025-12-29,7,64969.57,51.98,SELL
1502,265,2025-11-07,9,266669.62,320.0,SELL
1503,265,2025-11-22,9,248639.18,198.91,BUY
1504,265,2025-10-27,3,106844.74,128.21,BUY
1505,265,2026-04-26,8,437332.55,524.8,BUY
1506,265,2025-11-07,7,195560.75,234.67,BUY
1507,268,2025-11-30,6,168439.63,303.19,BUY
1508,268,2025-11-30,6,257516.95,309.02,SELL
1509,268,2026-02-02,5,210927.81,527.32,SELL
1510,268,2025-09-20,8,245001.74,294.0,BUY
1511,268,2025-09-11,8,92748.39,166.95,SELL
1512,268,2026-03-27,4,331597.74,397.92,SELL
1513,268,2025-04-23,4,99698.37,79.76,BUY
1514,268,2025-10-10,1,98147.79,78.52,BUY
1515,268,2026-04-07,8,415946.32,499.14,BUY
1516,268,2025-04-09,2,266202.58,212.96,BUY
1517,268,2025-06-16,1,105551.66,189.99,SELL
1518,268,2026-04-23,3,115457.93,92.37,SELL
1519,268,2025-05-12,9,571423.59,1428.56,BUY
1520,268,2026-01-01,1,96253.45,173.26,BUY
1521,268,2025-05-08,9,264172.25,475.51,BUY
1522,268,2026-05-29,9,467160.63,373.73,BUY
1523,268,2025-11-03,7,645817.54,1162.47,BUY
1524,268,2025-07-20,8,659723.15,1649.31,BUY
1525,268,2026-05-16,9,414155.64,496.99,SELL
1526,268,2025-09-07,6,194285.62,349.71,SELL
1527,268,2025-06-22,8,228116.4,273.74,SELL
1528,269,2026-02-23,9,1176088.17,1411.31,BUY
1529,269,2025-10-10,3,419358.27,503.23,SELL
1530,269,2025-06-06,6,1077698.52,1293.24,BUY
1531,269,2025-06-11,1,1462133.1,3655.33,BUY
1532,269,2026-05-01,5,1534230.48,1841.08,BUY
1533,269,2025-09-08,2,784270.18,1411.69,BUY
1534,269,2025-10-22,1,404783.42,485.74,SELL
1535,269,2025-08-27,7,142050.9,113.64,SELL
1536,269,2025-11-05,2,277356.2,693.39,SELL
1537,269,2026-02-08,7,1091188.62,1309.43,BUY
1538,269,2025-06-09,4,455834.02,547.0,BUY
1539,269,2026-01-10,4,1051461.36,1261.75,SELL
1540,269,2025-10-25,1,338872.53,406.65,BUY
1541,269,2026-05-14,4,855415.66,1026.5,BUY
1542,269,2025-12-03,7,759919.31,607.94,BUY
1543,269,2026-05-31,8,1394389.1,1115.51,SELL
1544,269,2025-09-19,3,348544.48,418.25,SELL
1545,269,2025-07-12,5,386448.98,309.16,SELL
1546,269,2025-09-21,3,1237594.14,990.08,SELL
1547,269,2026-05-03,7,863114.54,690.49,BUY
1548,269,2025-09-16,9,436616.94,523.94,SELL
1549,269,2025-12-28,8,492758.07,394.21,SELL
1550,269,2025-10-24,1,826464.15,661.17,BUY
1551,269,2025-10-28,7,135115.99,108.09,BUY
1552,269,2026-02-06,7,1641457.46,1969.75,SELL
1553,269,2026-03-18,9,1168667.81,1402.4,BUY
1554,269,2025-09-08,7,1726261.02,3107.27,BUY
1555,269,2025-11-06,7,422222.82,506.67,BUY
1556,269,2025-10-14,1,326215.1,587.19,SELL
1557,269,2025-08-25,8,722876.81,578.3,SELL
1558,269,2025-09-17,5,663564.69,1658.91,SELL
1559,269,2026-04-11,10,1129668.31,1355.6,SELL
1560,269,2025-06-13,1,1300695.0,1560.83,SELL
1561,269,2026-01-23,3,429494.7,515.39,BUY
1562,270,2025-03-23,11,81282.86,146.31,BUY
1563,270,2025-08-19,3,28372.88,34.05,SELL
1564,270,2025-07-18,1,37788.22,45.35,BUY
1565,270,2025-05-07,8,14162.5,16.99,SELL
1566,271,2026-04-04,2,204971.39,163.98,BUY
1567,271,2026-04-29,1,64329.84,77.2,BUY
1568,271,2026-05-29,9,30499.74,36.6,BUY
1569,271,2026-03-28,1,73027.55,182.57,BUY
1570,271,2026-01-31,10,96544.93,77.24,BUY
1571,271,2026-06-15,1,139938.36,251.89,BUY
1572,271,2026-03-07,9,51193.87,61.43,BUY
1573,272,2026-05-12,5,83226.35,149.81,SELL
1574,272,2026-03-03,10,161317.03,129.05,SELL
1575,272,2026-06-07,11,100756.19,120.91,BUY
1576,272,2025-10-14,7,486826.25,876.29,SELL
1577,272,2026-05-15,9,186020.66,148.82,BUY
1578,273,2025-09-26,11,35934.32,28.75,SELL
1579,274,2026-05-11,4,203339.28,162.67,BUY
1580,275,2025-12-16,9,55117.64,66.14,BUY
1581,275,2026-04-01,12,43621.82,78.52,SELL
1582,275,2026-01-16,5,21989.67,39.58,SELL
1583,275,2025-07-01,4,271868.25,326.24,SELL
1584,275,2026-02-01,4,39975.05,71.96,BUY
1585,276,2025-11-10,3,35507.32,63.91,BUY
1586,276,2025-12-11,4,25246.2,30.3,SELL
1587,276,2025-06-03,8,33984.03,40.78,BUY
1588,276,2025-12-01,1,42372.05,50.85,BUY
1589,276,2025-09-13,1,110221.54,88.18,BUY
1590,276,2025-09-21,9,117416.98,93.93,SELL
1591,277,2026-03-20,5,97197.34,77.76,SELL
1592,277,2026-06-19,10,459229.91,826.61,SELL
1593,277,2026-04-06,9,141326.24,254.39,SELL
1594,277,2026-04-03,7,548227.86,438.58,SELL
1595,277,2025-12-29,1,189952.59,227.94,BUY
1596,277,2026-05-26,4,193529.23,483.82,BUY
1597,279,2026-01-11,4,181746.43,145.4,SELL
1598,279,2025-10-14,7,262820.97,315.39,BUY
1599,279,2025-12-25,6,31275.12,56.3,BUY
1600,279,2026-06-16,12,228273.81,182.62,BUY
1601,279,2026-01-10,10,38881.61,46.66,BUY
1602,280,2025-10-16,3,776270.24,931.52,BUY
1603,280,2026-02-02,7,452507.26,362.01,BUY
1604,280,2026-04-16,9,407500.35,1018.75,SELL
1605,280,2025-12-05,3,1458404.91,1750.09,SELL
1606,280,2025-09-15,6,202011.79,161.61,BUY
1607,280,2026-04-04,9,258076.24,309.69,SELL
1608,280,2025-08-13,1,263577.47,316.29,BUY
1609,280,2025-07-31,1,336327.94,403.59,SELL
1610,283,2025-10-21,5,47640.81,38.11,BUY
1611,283,2025-09-06,9,26424.61,66.06,BUY
1612,283,2025-10-07,3,34548.27,62.19,SELL
1613,283,2025-10-30,6,27979.44,33.58,SELL
1614,283,2025-08-18,6,196991.84,236.39,SELL
1615,283,2025-09-24,9,43991.64,35.19,SELL
1616,284,2026-03-11,2,194396.99,349.91,BUY
1617,284,2025-05-01,2,130540.28,156.65,SELL
1618,284,2025-05-20,9,555092.5,999.17,SELL
1619,284,2026-05-10,3,169643.67,203.57,SELL
1620,284,2025-09-28,8,77479.46,193.7,BUY
1621,285,2025-03-16,2,276785.43,332.14,BUY
1622,285,2025-12-08,7,442873.48,354.3,SELL
1623,285,2025-07-27,9,584856.48,1462.14,SELL
1624,285,2025-10-19,9,119619.92,299.05,SELL
1625,285,2025-04-09,9,159776.39,127.82,BUY
1626,285,2026-05-11,8,451076.97,541.29,BUY
1627,285,2025-05-07,9,65724.05,78.87,SELL
1628,285,2025-06-27,8,217190.25,173.75,BUY
1629,285,2025-05-22,8,119388.04,214.9,BUY
1630,285,2026-05-12,3,273427.11,328.11,SELL
1631,285,2025-07-19,7,74869.72,89.84,BUY
1632,285,2025-11-23,2,107106.5,85.69,BUY
1633,285,2025-09-09,6,70067.23,56.05,BUY
1634,285,2026-03-30,7,82943.4,99.53,BUY
1635,285,2025-09-20,7,165249.04,413.12,BUY
1636,285,2025-08-27,5,177752.4,213.3,SELL
1637,286,2026-04-18,1,126925.84,152.31,SELL
1638,287,2026-05-02,6,24991.45,62.48,SELL
1639,287,2026-06-11,8,59066.45,147.67,BUY
1640,287,2026-05-16,7,63058.03,50.45,BUY
1641,287,2026-05-15,12,86485.75,69.19,SELL
1642,288,2025-10-16,1,19032.69,34.26,BUY
1643,288,2025-05-17,1,182758.71,328.97,BUY
1644,288,2025-05-15,3,95666.99,114.8,SELL
1645,288,2026-02-09,1,125999.85,100.8,BUY
1646,288,2025-09-24,4,16586.78,13.27,SELL
1647,289,2026-06-19,10,362593.28,435.11,BUY
1648,289,2025-11-19,1,77118.41,192.8,SELL
1649,290,2026-04-16,4,59439.52,106.99,SELL
1650,290,2026-05-08,5,58356.54,105.04,BUY
1651,290,2026-03-14,10,22426.54,26.91,BUY
1652,290,2026-02-10,8,52323.42,94.18,BUY
1653,291,2026-01-27,9,147400.57,368.5,BUY
1654,291,2026-04-08,11,208011.73,374.42,SELL
1655,291,2026-01-16,8,158183.48,284.73,BUY
1656,291,2026-06-05,6,20473.61,16.38,SELL
1657,291,2026-02-01,12,24520.04,19.62,SELL
1658,291,2026-03-05,9,32903.89,39.48,SELL
1659,294,2025-07-21,3,41051.5,73.89,BUY
1660,294,2025-11-27,2,87084.69,69.67,SELL
1661,294,2026-04-09,11,52821.45,63.39,SELL
1662,295,2026-05-28,5,561955.59,674.35,SELL
1663,295,2026-05-01,5,2283015.21,2739.62,BUY
1664,295,2026-04-08,7,920479.17,2301.2,BUY
1665,295,2026-06-05,2,1105695.28,884.56,BUY
1666,295,2026-04-02,6,517022.77,1292.56,SELL
1667,295,2026-04-21,4,1029937.83,1853.89,BUY
1668,295,2026-04-30,11,422316.3,337.85,BUY
1669,295,2026-06-20,5,1360493.5,2448.89,BUY
1670,295,2026-04-10,8,456785.06,548.14,BUY
1671,295,2026-04-29,8,686353.47,549.08,SELL
1672,295,2026-04-12,1,1013520.0,810.82,SELL
1673,295,2026-03-28,12,653130.29,522.5,BUY
1674,295,2026-04-15,2,1099824.43,1979.68,BUY
1675,295,2026-05-09,6,633943.15,1141.1,BUY
1676,295,2026-06-02,1,746321.43,895.59,BUY
1677,295,2026-05-30,8,3026915.51,2421.53,SELL
1678,295,2026-05-16,11,564695.3,1016.45,SELL
1679,295,2026-04-03,12,1092455.29,1966.42,SELL
1680,295,2026-05-07,4,322590.42,580.66,BUY
1681,295,2026-06-09,5,1957645.45,2349.17,SELL
1682,295,2026-06-03,8,327156.83,588.88,SELL
1683,295,2026-04-18,11,711110.07,853.33,SELL
1684,295,2026-03-22,8,584796.92,467.84,BUY
1685,295,2026-03-21,8,448259.18,358.61,BUY
1686,296,2026-05-07,7,1973108.11,1578.49,BUY
1687,296,2026-01-14,8,81836.28,147.31,SELL
1688,296,2026-03-16,12,412194.54,494.63,BUY
1689,296,2026-05-18,2,668478.07,802.17,SELL
1690,296,2026-04-01,10,302849.42,363.42,SELL
1691,296,2026-01-23,3,755962.43,604.77,BUY
1692,296,2026-03-20,3,210157.48,525.39,BUY
1693,296,2026-03-10,3,226041.19,271.25,BUY
1694,296,2026-05-03,6,485889.89,874.6,SELL
1695,296,2026-02-16,10,393066.84,314.45,SELL
1696,296,2026-05-05,10,520210.01,1300.53,BUY
1697,296,2026-04-12,2,298091.94,357.71,SELL
1698,296,2026-02-08,7,517938.36,621.53,BUY
1699,296,2026-04-17,10,382216.59,687.99,BUY
1700,296,2026-02-04,2,513443.67,616.13,BUY
1701,296,2026-06-21,9,267851.48,214.28,SELL
1702,296,2026-02-06,10,333557.99,400.27,SELL
1703,296,2026-03-24,9,644156.05,1159.48,BUY
1704,296,2026-03-27,4,461671.92,554.01,SELL
1705,296,2026-04-02,6,322539.71,387.05,BUY
1706,296,2026-06-09,4,368257.02,441.91,SELL
1707,297,2026-06-13,2,92885.98,167.19,BUY
1708,297,2026-02-20,9,80990.59,97.19,BUY
1709,297,2026-02-26,6,50037.88,40.03,BUY
1710,297,2026-03-17,1,63216.11,50.57,BUY
1711,297,2026-04-14,2,130381.71,156.46,SELL
1712,297,2026-02-09,1,18101.45,32.58,BUY
1713,297,2026-04-29,9,10364.56,25.91,SELL
1714,299,2026-02-22,7,20025.27,24.03,SELL
1715,299,2026-03-22,8,186436.65,149.15,SELL
1716,300,2026-06-13,9,142290.77,113.83,BUY
1717,300,2026-05-27,11,356821.68,642.28,BUY
1718,300,2026-06-18,12,447056.87,357.65,SELL
1719,300,2026-03-26,5,96469.8,115.76,BUY
1720,300,2026-04-08,9,89327.51,160.79,BUY
1721,300,2026-05-01,7,54526.97,43.62,BUY
1722,300,2026-05-04,5,165944.06,132.76,SELL
1723,301,2026-06-19,4,52385.48,94.29,BUY
1724,301,2026-06-19,12,54414.64,65.3,SELL
1725,302,2026-06-17,1,87318.54,104.78,BUY
1726,302,2026-06-03,8,218064.0,174.45,BUY
1727,302,2026-06-11,4,285938.77,343.13,SELL
1728,302,2026-06-03,12,60937.65,73.13,BUY
1729,302,2026-06-10,6,259387.16,466.9,BUY
1730,302,2026-06-17,9,244484.96,440.07,BUY
1731,302,2026-06-11,5,211196.3,168.96,SELL
1732,302,2026-06-06,7,233468.29,280.16,BUY
1733,302,2026-06-13,1,122131.28,97.71,BUY
1734,302,2026-06-19,3,199389.2,358.9,BUY
1735,302,2026-06-09,11,65511.06,163.78,SELL
1736,303,2026-03-28,7,99397.49,119.28,BUY
1737,303,2026-06-07,9,175842.95,211.01,BUY
1738,303,2026-04-18,8,198523.33,238.23,BUY
1739,303,2026-03-03,8,30850.53,37.02,BUY
1740,303,2026-05-31,3,68004.88,170.01,BUY
1741,303,2026-06-13,7,107000.64,128.4,SELL
1742,304,2026-04-07,5,36294.74,43.55,SELL
1743,304,2026-01-05,1,85642.55,102.77,BUY
1744,304,2026-03-15,2,72591.34,87.11,SELL
1745,304,2026-03-28,4,42273.02,50.73,BUY
1746,304,2026-01-28,7,74183.72,59.35,BUY
1747,305,2025-11-17,8,12064.12,21.72,BUY
1748,305,2025-11-08,3,19770.27,15.82,SELL
1749,305,2025-08-21,7,63718.1,114.69,BUY
1750,305,2026-05-16,5,56886.62,102.4,SELL
1751,306,2025-07-29,9,41379.38,33.1,SELL
1752,307,2026-06-19,7,99192.64,178.55,BUY
1753,308,2026-06-18,1,230101.06,184.08,BUY
1754,308,2026-03-14,1,465166.09,372.13,BUY
1755,308,2026-06-04,1,586988.77,1056.58,SELL
1756,308,2026-05-02,1,133495.01,240.29,BUY
1757,308,2026-05-02,3,305297.63,244.24,BUY
1758,308,2026-03-20,3,1348625.07,1078.9,SELL
1759,308,2026-04-12,4,247399.95,296.88,BUY
1760,308,2026-04-07,3,289345.25,520.82,BUY
1761,308,2026-06-14,4,791302.4,949.56,BUY
1762,308,2026-05-23,3,630361.17,756.43,SELL
1763,308,2026-05-27,3,348992.42,418.79,BUY
1764,308,2026-03-20,12,1321596.69,2378.87,SELL
1765,308,2026-04-19,4,294241.69,235.39,SELL
1766,308,2026-05-05,5,423896.57,508.68,BUY
1767,308,2026-05-31,2,305018.87,244.02,SELL
1768,309,2026-05-02,7,629807.2,503.85,SELL
1769,309,2026-05-28,2,131781.74,237.21,SELL
1770,309,2026-05-08,6,103582.75,258.96,BUY
1771,309,2026-06-10,3,532499.27,426.0,SELL
1772,309,2026-05-28,9,272213.97,680.53,BUY
1773,309,2026-06-13,12,398424.78,478.11,SELL
1774,309,2026-06-09,11,487304.73,584.77,BUY
1775,309,2026-06-12,1,899076.77,1078.89,SELL
1776,309,2026-05-31,12,395578.67,316.46,SELL
1777,309,2026-06-14,11,128633.9,231.54,BUY
1778,309,2026-05-27,9,526811.8,948.26,BUY
1779,309,2026-06-18,8,815858.81,2039.65,BUY
1780,309,2026-06-07,7,175000.32,210.0,BUY
1781,309,2026-05-03,5,1091208.02,2728.02,BUY
1782,309,2026-06-16,12,1196731.6,957.39,BUY
1783,309,2026-05-28,10,194092.47,232.91,SELL
1784,309,2026-06-20,7,118501.68,142.2,BUY
1785,309,2026-05-08,3,633894.64,507.12,SELL
1786,309,2026-06-14,4,545735.61,436.59,SELL
1787,310,2026-01-29,10,124329.5,99.46,BUY
1788,310,2025-12-06,3,87922.81,105.51,BUY
1789,310,2025-11-01,5,72647.93,58.12,SELL
1790,310,2025-10-30,11,47838.06,38.27,BUY
1791,310,2026-01-01,3,133545.26,160.25,SELL
1792,310,2025-12-22,3,178853.97,214.62,BUY
1793,310,2026-04-27,3,362383.5,434.86,BUY
1794,310,2026-01-16,7,67217.01,168.04,BUY
1795,310,2025-06-09,9,154257.55,185.11,BUY
1796,310,2025-12-24,10,1728499.44,1382.8,BUY
1797,310,2025-05-27,1,80259.06,64.21,BUY
1798,310,2026-02-26,5,446576.4,535.89,BUY
1799,310,2026-04-03,4,162582.48,195.1,SELL
1800,311,2026-02-27,4,108994.74,130.79,BUY
1801,311,2026-05-17,5,166556.53,133.25,SELL
1802,311,2025-10-15,6,167982.92,134.39,SELL
1803,311,2025-12-08,2,64174.65,115.51,SELL
1804,311,2025-04-20,11,67988.56,81.59,SELL
1805,311,2025-04-12,4,336546.29,269.24,BUY
1806,311,2025-11-03,4,326549.51,391.86,BUY
1807,311,2025-10-25,5,169934.78,203.92,SELL
1808,311,2025-11-25,8,134848.44,107.88,BUY
1809,311,2026-04-16,3,294394.57,235.52,SELL
1810,311,2026-01-01,2,60219.38,72.26,SELL
1811,313,2025-05-09,7,103689.35,186.64,SELL
1812,313,2026-02-10,7,22372.08,26.85,BUY
1813,314,2025-11-26,1,201533.91,241.84,SELL
1814,314,2026-06-03,3,168531.76,134.83,SELL
1815,314,2025-10-05,9,332260.51,598.07,SELL
1816,314,2026-02-27,7,399544.09,998.86,BUY
1817,314,2026-03-15,7,423377.28,508.05,BUY
1818,314,2026-03-18,12,200487.51,360.88,BUY
1819,315,2025-12-02,7,51126.86,61.35,SELL
1820,315,2025-10-31,9,19986.68,15.99,SELL
1821,315,2025-11-06,5,51658.89,92.99,BUY
1822,316,2025-03-29,9,70094.24,56.08,SELL
1823,316,2026-04-14,1,20605.51,24.73,SELL
1824,316,2026-05-04,5,35657.67,42.79,BUY
1825,316,2026-03-11,2,31966.48,38.36,SELL
1826,316,2025-08-28,3,40013.2,72.02,BUY
1827,317,2025-03-04,9,46165.03,83.1,SELL
1828,317,2026-05-04,7,82350.2,205.88,SELL
1829,317,2026-02-16,1,33423.03,26.74,BUY
1830,317,2025-06-20,6,68372.5,123.07,BUY
1831,317,2025-12-23,7,97023.39,174.64,BUY
1832,318,2025-12-06,9,402408.45,482.89,BUY
1833,318,2025-12-08,10,30955.46,55.72,BUY
1834,318,2025-11-26,9,48836.69,87.91,SELL
1835,318,2025-10-02,2,103955.69,124.75,SELL
1836,318,2026-05-12,4,341668.31,273.33,BUY
1837,319,2026-06-11,8,2303952.9,1843.16,BUY
1838,319,2025-07-24,12,1564798.11,3912.0,SELL
1839,319,2025-07-05,8,1196593.41,2153.87,SELL
1840,319,2025-09-03,1,359174.92,431.01,BUY
1841,319,2026-06-13,8,333514.12,400.22,SELL
1842,319,2025-10-08,1,995863.3,1195.04,SELL
1843,319,2025-07-23,8,2098511.23,2518.21,SELL
1844,319,2025-10-15,2,768579.73,614.86,SELL
1845,319,2026-06-10,1,492953.48,394.36,SELL
1846,319,2025-11-21,8,2454437.94,2945.33,BUY
1847,320,2026-06-21,5,101541.55,121.85,BUY
1848,9999,2026-05-14,1,450000.0,540.0,BUY
1849,42,2026-05-18,999,275000.0,330.0,SELL
1850,55,2026-06-03,3,190000.0,-250.0,BUY
26,2,2026-06-03,7,58812.98,70.58,SELL
